NO,AGI,,NAME,WGE,ATX3,
760,AT2G33550.1,TRIHELIX,ARABIDOPSIS SH4-RELATED3 (ASR3),1212,16806,13.866 
787,AT3G12250.1,bZIP,TGACG MOTIF-BINDING FACTOR 6 (TGA6),1463,15264,10.433 
776,AT5G06960.1,bZIP,OCS-ELEMENT BINDING FACTOR 5 (OBF5),1627,16921,10.400 
376,AT5G19790.1,AP2-EREBP,RELATED TO AP2 11 (RAP2.11),1191,12261,10.295 
377,AT3G19860.1,bHLH,BASIC HELIX-LOOP-HELIX 121 (bHLH121),1328,13430,10.113 
3,AT2G22750.2,bHLH,,6897,61206,8.874 
1161,AT5G06950.1,bZIP,(ATTGA2),1735,14708,8.477 
1218,AT1G80840.1,WRKY,WRKY DNA-BINDING PROTEIN 40 (WRKY40),2055,17302,8.419 
771,AT1G55650.1,ARID,(HMGB11),2203,17390,7.894 
378,AT5G48890.1,C2H2,LATE FLOWERING (LATE),2671,20860,7.810 
772,AT1G05230.1,"HB a,b",HOMEODOMAIN GLABROUS 2 (HDG2),1666,12969,7.785 
765,AT3G16160.1,CPP,(TCX8),4419,34173,7.733 
11,AT5G12840.1,CCAAT-HAP2,"NUCLEAR FACTOR Y, SUBUNIT A1 (NF-YA1)",6273,47939,7.642 
379,AT2G18060.1,NAC,VASCULAR RELATED NAC-DOMAIN PROTEIN 1 (VND1),1558,11901,7.639 
380,AT4G23800.1,HMG,3XHIGH MOBILITY GROUP-BOX2 (3xHMG-box2),1893,14241,7.523 
381,AT2G13960.1,MYB-related ,,3071,22314,7.266 
56,AT5G44160.1,C2H2,NUTCRACKER (NUC),4534,29559,6.519 
8,AT5G62920.1,Orphans,RESPONSE REGULATOR 6 (ARR6),3341,21568,6.456 
763,AT2G45880.1,"BES1 a,b",BETA-AMYLASE 7 (BAM7),1499,8897,5.935 
382,AT5G47790.1,FHA,,2490,14201,5.703 
770,AT3G28910.1,MYB,MYB DOMAIN PROTEIN 30 (MYB30),2231,12657,5.673 
383,AT1G68840.1,RAV,RELATED TO ABI3/VP1 2 (RAV2),1872,10273,5.488 
1128,AT5G17240.1,SET / PcG,SET DOMAIN GROUP 40 (SDG40),1984,10644,5.365 
38,AT1G72830.1,CCAAT-HAP2,"NUCLEAR FACTOR Y, SUBUNIT A3 (NF-YA3)",5213,27780,5.329 
92,AT5G10030.1,bZIP,TGACG MOTIF-BINDING FACTOR 4 (TGA4),2255,11801,5.233 
791,AT5G62940.1,"C2C2-DOF a,b,c",HIGH CAMBIAL ACTIVITY2 (HCA2),1619,8339,5.151 
1269,AT4G00250.1,GeBP,(ATSTKL2),3932,20128,5.119 
384,AT5G61270.1,bHLH,PHYTOCHROME-INTERACTING FACTOR7 (PIF7),1915,9775,5.104 
58,AT4G38000.1,C2C2-Dof,DNA BINDING WITH ONE FINGER 4.7 (DOF4.7),5149,26067,5.063 
385,AT2G18550.1,Homeobox,HOMEOBOX PROTEIN 21 (HB21),1229,6194,5.040 
107,AT1G79180.1,MYB,MYB DOMAIN PROTEIN 63 (MYB63),2708,13501,4.986 
24,AT1G16640.1,ABI3-VP1,,10051,49131,4.888 
53,AT4G09180.1,bHLH,FLOWERING BHLH 2 (FBH2),1811,8747,4.830 
1125,AT1G28370.1,AP2-EREBP,ERF DOMAIN PROTEIN 11 (ERF11),3667,17657,4.815 
386,AT5G05770.1,Homeobox,WUSCHEL RELATED HOMEOBOX 7 (WOX7),3767,18122,4.811 
778,AT2G02540.1,ZF-HD,HOMEOBOX PROTEIN 21 (HB21),1179,5634,4.779 
30,AT1G69180.1,C2C2-YABBY,CRABS CLAW (CRC),9504,45341,4.771 
1,AT4G18890.1,BZR,BES1/BZR1 HOMOLOG 3 (BEH3),6173,29178,4.727 
10,AT3G20670.1,CCAAT,HISTONE H2A 13 (HTA13),3865,17958,4.646 
49,AT1G30650.1,WRKY,WRKY DNA-BINDING PROTEIN 14 (WRKY14),11888,54806,4.610 
387,AT1G59640.1,bHLH,BIG PETAL UB (BPEUB),1754,8029,4.578 
388,AT5G67480.2,TAZ,BTB AND TAZ DOMAIN PROTEIN 4 (BT4),1672,7598,4.544 
65,AT1G67100.1,LOB / AS2,LOB DOMAIN-CONTAINING PROTEIN 40 (LBD40),2752,12394,4.504 
2,AT1G75490.1,AP2-EREBP,,5423,24323,4.485 
63,AT5G51780.1,bHLH,(BHLH),5673,25418,4.481 
389,AT1G12890.1,AP2-EREBP,,1365,6114,4.479 
59,AT3G03750.1,SET / PcG,SET DOMAIN PROTEIN 20 (SDG20),2834,12668,4.470 
61,AT5G38140.1,CCAAT-HAP5,"NUCLEAR FACTOR Y, SUBUNIT C12 (NF-YC12)",7770,34630,4.457 
390,AT1G54060.1,Trihelix,6B-INTERACTING PROTEIN 1-LIKE 1 (ASIL1),2609,11620,4.454 
82,AT5G42630.1,G2-like,KANADI 4 (KAN4),7513,33321,4.435 
755,AT1G66140.1,C2H2,ZINC FINGER PROTEIN 4 (ZFP4),2859,12487,4.368 
829,AT2G01370.1,GeBP,,2904,12490,4.301 
1136,AT5G43290.1,WRKY,WRKY DNA-BINDING PROTEIN 49 (WRKY49),1833,7875,4.296 
5,AT1G01720.1,NAC,ATAF1,5019,21539,4.291 
9,AT3G62260.1,DBP,TYPE 2C PROTEIN PHOSPHATASE 49 (PP2C49),11198,47925,4.280 
4,AT4G23550.1,WRKY,(WRKY29),8254,34965,4.236 
29,AT1G69490.1,NAC,"NAC-LIKE, ACTIVATED BY AP3/PI (NAP)",4548,19207,4.223 
72,AT3G53200.1,MYB,MYB DOMAIN PROTEIN 27 (MYB27),1479,6206,4.196 
391,AT1G69580.1,G2-like,,1226,5130,4.184 
392,AT4G14605.1,mTERF,MTERF DEFECTIVE IN ARABIDOPSIS1 (MDA1),1545,6451,4.175 
77,AT2G41710.1,AP2-EREBP,,6460,26892,4.163 
393,AT3G54320.3,AP2-EREBP,WRINKLED 1 (WRI1),3748,15280,4.077 
394,AT5G15150.1,Homeobox,HOMEOBOX 3 (HB-3),1706,6948,4.073 
1239,AT5G65210.1,bZIP,TGA1,11569,47081,4.070 
395,AT2G36400.1,GRF,GROWTH-REGULATING FACTOR 3 (GRF3),5351,21620,4.040 
1116,AT2G15660.1,ND,AGAMOUS-LIKE 95 (AGL95),2173,8720,4.013 
396,AT5G37800.1,bHLH,RHD SIX-LIKE 1 (RSL1),2044,8174,3.999 
1345,AT1G54330.1,NAC,NAC DOMAIN CONTAINING PROTEIN 20 (NAC020),12880,51298,3.983 
13,AT1G80730.1,C2H2,ZINC-FINGER PROTEIN 1 (ZFP1),7527,29973,3.982 
397,AT5G16800.2,GNAT,N-ACETYLTRANSFERASE 60 (NAA60),2976,11839,3.978 
19,AT3G21330.1,bHLH,,6628,26344,3.975 
1323,AT5G06960.1,bZIP,TGA5,13358,52828,3.955 
398,AT3G14740.2,C2H2,,1694,6677,3.942 
1232,AT1G32810.2,PHD a,,2146,8450,3.938 
399,AT2G46680.1,Homeobox,HOMEOBOX 7 (HB-7),1422,5570,3.917 
6,AT5G10140.1,MADS,FLOWERING LOCUS C (FLC),6567,25398,3.868 
1186,AT1G29280.1,WRKY,WRKY DNA-BINDING PROTEIN 65 (WRKY65),8563,33021,3.856 
12,AT3G18400.1,NAC,NAC DOMAIN CONTAINING PROTEIN 58 (NAC058),10142,39093,3.855 
1132,AT2G46870.1,RAV,NGATHA1 (NGA1),4965,18940,3.815 
1135,AT4G20280.1,ND,TBP-ASSOCIATED FACTOR 11 (TAF11),5318,20253,3.808 
758,AT5G66300.1,"NAC a,b",NAC DOMAIN CONTAINING PROTEIN 105 (NAC105),1529,5822,3.808 
46,AT5G53950.1,NAC,CUP-SHAPED COTYLEDON 2 (ATCUC2),5656,21467,3.795 
88,AT3G46640.1,G2-like,PHYTOCLOCK 1 (PCL1),7751,29402,3.793 
15,AT3G58120.1,bZIP,(BZIP61),4676,17571,3.758 
797,AT3G12730.1,G2-like,,1744,6553,3.757 
1129,AT2G37120.1,S1Fa-like,,4063,15242,3.751 
36,AT2G35530.1,bZIP,BASIC REGION/LEUCINE ZIPPER TRANSCRIPTION FACTOR 16 (bZIP16),5269,19715,3.742 
1419,AT4G11080.1,HMG,3XHIGH MOBILITY GROUP-BOX1 (3xHMG-box1),6794,25394,3.738 
1211,AT3G04070.1,NAC,NAC DOMAIN CONTAINING PROTEIN 47 (NAC047),3523,13164,3.737 
44,AT2G47260.1,WRKY,WRKY DNA-BINDING PROTEIN 23 (WRKY23),14888,55285,3.713 
27,AT4G34610.1,Homeobox,BEL1-LIKE HOMEODOMAIN 6 (BLH6),8241,30551,3.707 
400,AT2G37590.1,C2C2-Dof,DNA BINDING WITH ONE FINGER 2.4 (DOF2.4),1333,4914,3.686 
401,AT1G10586.1,bHLH,,3522,12889,3.660 
1221,AT5G19310.1,SNF2 a,CHROMATIN REMODELING 23 (CHR23),2021,7356,3.640 
402,AT5G10280.1,MYB,MYB DOMAIN PROTEIN 92 (MYB92),1342,4881,3.637 
1276,AT1G26220.1,GNAT,SEROTONIN N-ACETYLTRANSFERASE 2 (SNAT2),2541,9204,3.622 
1303,AT4G14560.1,AUX-IAA,INDOLE-3-ACETIC ACID INDUCIBLE 1 (IAA1),1962,7106,3.622 
37,AT3G55530.1,C3H,SALT- AND DROUGHT-INDUCED RING FINGER1 (SDIR1),4118,14912,3.621 
35,AT4G32980.1,Homeobox,HOMEOBOX GENE 1 (ATH1),6535,23657,3.620 
825,AT3G10800.1,bZIP,(BZIP28),1495,5405,3.615 
1088,AT1G12980.1,"AP2-EREBP a,b,c",ENHANCER OF SHOOT REGENERATION 1 (ESR1),1946,7032,3.614 
1130,AT1G74410.1,C3H,ARABIDOPSIS T??XICOS EN LEVADURA 24 (ATL24),3629,13105,3.611 
826,AT5G45300.1,"BES1 a,b",BETA-AMYLASE 2 (BMY2),1596,5760,3.609 
403,AT5G05120.1,C2H2,,1667,5981,3.588 
1150,AT2G44940.1,AP2-EREBP,ETHYLENE-RESPONSIVE TRANSCRIPTION FACTOR 34 (ERF34),1943,6943,3.573 
794,AT5G40220.1,MADS,AGAMOUS-LIKE 43 (AGL43),1471,5209,3.541 
1126,AT2G20350.1,AP2-EREBP,,3610,12764,3.536 
786,AT5G66730.1,C2H2,INDETERMINATE DOMAIN 1 (IDD1),1303,4593,3.525 
404,AT5G01860.1,C2H2,,1628,5717,3.512 
64,AT4G11070.1,WRKY,(WRKY41),4018,14109,3.511 
1137,AT4G22950.1,MADS,AGAMOUS-LIKE 19 (AGL19),4506,15813,3.509 
767,AT1G51070.1,bHLH,BASIC HELIX-LOOP-HELIX 115 (bHLH115),2373,8303,3.499 
1182,AT2G41070.1,bZIP,(DPBF4),2717,9494,3.494 
7,AT1G53160.1,SBP,SQUAMOSA PROMOTER BINDING PROTEIN-LIKE 4 (SPL4),5660,19699,3.480 
75,AT1G14350.1,MYB,(MYB124),4154,14452,3.479 
405,AT1G07980.1,CCAAT a / CCAAT-HAP5 b,"NUCLEAR FACTOR Y, SUBUNIT C10 (NF-YC10)",5560,19304,3.472 
41,AT2G14210.1,MADS,AGAMOUS-LIKE 44 (AGL44),7424,25733,3.466 
1138,AT4G28500.1,NAC,NAC DOMAIN CONTAINING PROTEIN 73 (NAC073),3861,13378,3.465 
1172,AT1G47655.1,C2C2-Dof,,3193,11028,3.454 
84,AT4G34410.1,AP2-EREBP,REDOX RESPONSIVE TRANSCRIPTION FACTOR 1 (RRTF1),4594,15779,3.435 
1207,AT4G22700.1,LOB / AS2,LOB DOMAIN-CONTAINING PROTEIN 32 (LBD32),2703,9230,3.415 
406,AT1G68360.1,C2H2,GLABROUS INFLORESCENCE STEMS 3 (GIS3),1594,5443,3.415 
52,AT2G22850.1,bZIP,BASIC LEUCINE-ZIPPER 6 (bZIP6),3503,11900,3.397 
74,AT1G17950.1,MYB,MYB DOMAIN PROTEIN 52 (MYB52),6053,20556,3.396 
1206,AT2G36340.1,GeBP,GEBP-LIKE PROTEIN 3 (GPL3),2055,6972,3.393 
1144,AT5G47230.1,AP2-EREBP,ETHYLENE RESPONSIVE ELEMENT BINDING FACTOR 5 (ERF5),1671,5596,3.349 
101,AT4G28110.1,MYB,MYB DOMAIN PROTEIN 41 (MYB41),7046,23392,3.320 
45,AT1G51220.1,C2H2,WIP DOMAIN PROTEIN 5 (WIP5),7096,23433,3.302 
194,AT4G17785.1,MYB,MYB DOMAIN PROTEIN 39 (MYB39),1729,5665,3.276 
106,AT4G36590.1,MADS,AGAMOUS-LIKE 40 (AGL40),4306,14064,3.266 
1262,AT1G08320.1,bZIP,TGA9,17038,55478,3.256 
20,AT2G46870.1,RAV,NGATHA1 (NGA1),7363,23612,3.207 
151,AT3G15270.1,SBP,SQUAMOSA PROMOTER BINDING PROTEIN-LIKE 5 (SPL5),4870,15617,3.207 
407,AT1G60380.1,NAC,,2037,6529,3.205 
22,AT1G49720.1,bZIP,ABSCISIC ACID RESPONSIVE ELEMENT-BINDING FACTOR 1 (ABF1),5508,17641,3.203 
54,AT3G47640.1,bHLH,POPEYE (PYE),3114,9937,3.191 
131,AT1G25560.1,ABI3VP1,TEMPRANILLO 1 (TEM1),3925,12522,3.190 
408,AT3G25730.1,RAV,ETHYLENE RESPONSE DNA BINDING FACTOR 3 (EDF3),4157,13222,3.181 
185,AT1G66140.1,C2H2,ZINC FINGER PROTEIN 4 (ZFP4),2027,6394,3.154 
796,AT3G04100.1,MADS,AGAMOUS-LIKE 57 (AGL57),1507,4734,3.141 
409,AT3G07500.1,FAR1 a,FAR1-RELATED SEQUENCES-RELATED FACTOR2 (FRF2),10832,34019,3.141 
1143,AT4G24540.1,MADS,AGAMOUS-LIKE 24 (AGL24),3689,11550,3.131 
1134,AT5G14750.1,MYB,MYB DOMAIN PROTEIN 66 (ATMYB66),4252,13304,3.129 
143,AT3G02990.1,HSF,HEAT SHOCK TRANSCRIPTION FACTOR A1E (HSFA1E),6231,19486,3.127 
110,AT5G02470.1,E2F-DP,(DPA),3983,12438,3.123 
17,AT4G32040.1,Homeobox,KNOTTED1-LIKE HOMEOBOX GENE 5 (KNAT5),9919,30878,3.113 
174,AT5G67110.1,bHLH,ALCATRAZ (ALC),2174,6748,3.104 
111,AT1G08970.1,CCAAT-HAP5,"NUCLEAR FACTOR Y, SUBUNIT C9 (NF-YC9)",4147,12872,3.104 
410,AT4G36160.1,NAC,NAC DOMAIN CONTAINING PROTEIN 76 (NAC076),1494,4631,3.100 
1200,AT2G04890.1,GRAS,SCARECROW-LIKE 21 (SCL21),3205,9916,3.094 
1235,AT1G03800.1,AP2-EREBP,ERF DOMAIN PROTEIN 10 (ERF10),7450,23011,3.089 
1140,AT2G12646.1,PLATZ,RGF1-INDUCIBLE TRANSCRIPTION FACTOR 1 (RITF1),2774,8556,3.084 
1169,AT5G25160.1,C2H2,ZINC FINGER PROTEIN 3 (ZFP3),4676,14377,3.075 
1139,AT2G31720.1,ND,,3440,10555,3.068 
51,AT3G23050.1,AUX-IAA,INDOLE-3-ACETIC ACID 7 (IAA7),5164,15815,3.063 
168,AT5G62165.1,MADS,AGAMOUS-LIKE 42 (AGL42),5020,15353,3.058 
1153,AT1G32540.1,zf-LSD1,LSD ONE LIKE 1 (LOL1),2500,7644,3.058 
775,AT3G51960.1,bZIP,BASIC LEUCINE ZIPPER 24 (BZIP24),1875,5709,3.045 
411,AT4G31060.1,"AP2-EREBP a,b,c",,6262,18989,3.032 
412,AT5G17260.1,NAC,NAC DOMAIN CONTAINING PROTEIN 86 (NAC086),1462,4420,3.023 
413,AT4G00238.1,GeBP,(ATSTKL1),2840,8547,3.010 
1171,AT1G03040.1,bHLH,(BHLH007),2104,6293,2.991 
768,AT2G33290.1,SET a / PcG b,SU(VAR)3-9 HOMOLOG 2 (SUVH2),1608,4808,2.990 
414,AT3G54340.1,MADS,APETALA 3 (AP3),1321,3935,2.979 
1142,AT4G28610.1,G2-like,PHOSPHATE STARVATION RESPONSE 1 (PHR1),2148,6368,2.965 
415,AT1G02230.1,NAC,NAC DOMAIN CONTAINING PROTEIN 4 (NAC004),4650,13772,2.962 
416,AT4G33280.1,REM,,1483,4389,2.960 
136,AT5G61420.2,MYB,MYB DOMAIN PROTEIN 28 (MYB28),2090,6181,2.957 
100,AT1G08010.1,C2C2-Gata,GATA TRANSCRIPTION FACTOR 11 (GATA11),4540,13392,2.950 
1227,AT4G13480.1,MYB,MYB DOMAIN PROTEIN 79 (MYB79),3794,11152,2.939 
40,AT5G27944.1,MADS,,8000,23434,2.929 
145,AT3G08500.1,MYB,MYB DOMAIN PROTEIN 83 (AtMYB83),5036,14733,2.926 
1204,AT4G36540.1,bHLH,BR ENHANCED EXPRESSION 2 (BEE2),3880,11349,2.925 
1458,AT1G53170.1,AP2-EREBP,ETHYLENE RESPONSE FACTOR 8 (ERF8),4522,13218,2.923 
417,AT2G44020.1,mTERF,,1375,4015,2.920 
26,AT1G70700.1,ZIM,(TIFY7),6769,19752,2.918 
95,AT5G53290.1,AP2-EREBP,CYTOKININ RESPONSE FACTOR 3 (CRF3),3804,11095,2.917 
418,AT4G25210.1,GeBP,,2438,7102,2.913 
1225,AT3G60670.1,PLATZ,(PLATZ10),1916,5579,2.912 
94,AT1G22190.1,AP2-EREBP,WIND2,3131,9083,2.901 
96,AT3G21175.1,C2C2-Gata,ZIM-LIKE 1 (ZML1),7567,21930,2.898 
1342,AT5G15210.1,ZF-HD,HOMEOBOX PROTEIN 30 (HB30),9455,27303,2.888 
34,AT5G27580.1,MADS,AGAMOUS-LIKE 89 (AGL89),7541,21742,2.883 
419,AT1G48195.1,C3H,,1506,4336,2.879 
756,AT1G16530.1,LOB / AS2,ASYMMETRIC LEAVES 2-LIKE 9 (ASL9),2211,6360,2.877 
187,AT1G64380.1,AP2-EREBP,,7132,20449,2.867 
788,AT4G25410.2,bHLH,,1603,4592,2.865 
420,AT1G34190.1,NAC,NAC DOMAIN CONTAINING PROTEIN 17 (NAC017),1868,5349,2.863 
1127,AT1G59530.1,bZIP,BASIC LEUCINE-ZIPPER 4 (bZIP4),3443,9857,2.863 
1160,AT5G18450.1,AP2-EREBP,,3732,10664,2.857 
1145,AT2G03710.2,MADS,SEPALLATA 4 (SEP4),3334,9517,2.855 
421,AT5G51910.1,TCP,TCP DOMAIN PROTEIN 19 (TCP19),10778,30599,2.839 
422,AT1G68120.1,BBR/BPC,BASIC PENTACYSTEINE 3 (BPC3),1387,3937,2.839 
1244,AT1G22070.1,bZIP,TGA3,2425,6881,2.838 
1157,AT3G28920.1,ZF-HD,HOMEOBOX PROTEIN 34 (HB34),2570,7279,2.832 
423,AT3G01140.1,MYB,MYB DOMAIN PROTEIN 106 (MYB106),5726,16216,2.832 
31,AT5G26210.1,Alfin-like,ALFIN-LIKE 4 (AL4),9807,27731,2.828 
1213,AT1G08000.1,C2C2-Gata,GATA TRANSCRIPTION FACTOR 10 (GATA10),4520,12768,2.825 
85,AT1G10120.1,bHLH,CRY2-INTERACTING BHLH 4 (CIB4),2980,8413,2.823 
127,AT1G46480.1,Homeobox,WUSCHEL RELATED HOMEOBOX 4 (WOX4),1172,3301,2.817 
98,AT4G31420.1,C2H2,REI1-LIKE 1 (REIL1),2207,6204,2.811 
16,AT5G61430.1,NAC,NAC DOMAIN CONTAINING PROTEIN 100 (NAC100),10046,28230,2.810 
424,AT2G17950.1,Homeobox,WUSCHEL (WUS),1415,3972,2.807 
128,AT3G57480.1,C2H2,STRESS ASSOCIATED PROTEIN 13 (SAP13),3906,10962,2.806 
126,AT3G02150.2,TCP,PLASTID TRANSCRIPTION FACTOR 1 (PTF1),9256,25975,2.806 
425,AT3G17100.1,bHLH,ATBS1 INTERACTING FACTOR 3 (AIF3),1885,5279,2.801 
62,AT1G64860.1,SIGMA70-like,SIGMA FACTOR A (SIGA),5708,15974,2.799 
426,AT1G11490.1,C2H2,,1464,4085,2.790 
1148,AT2G40670.1,Orphans,RESPONSE REGULATOR 16 (RR16),2554,7112,2.785 
18,AT5G18270.1,NAC,ARABIDOPSIS NAC DOMAIN CONTAINING PROTEIN 87 (ANAC087),8022,22211,2.769 
1131,AT5G09240.1,Coactivator p15,,1914,5297,2.768 
161,AT5G45580.1,G2-like,G2-LIKE FLAVONOID REGULATOR (GFR),2312,6384,2.761 
33,AT5G48670.1,MADS,AGAMOUS-LIKE 80 (AGL80),5416,14912,2.753 
1234,AT4G34410.1,AP2-EREBP,REDOX RESPONSIVE TRANSCRIPTION FACTOR 1 (RRTF1),5827,16038,2.752 
190,AT2G28500.1,LOB / AS2,LOB DOMAIN-CONTAINING PROTEIN 11 (LBD11),3232,8887,2.750 
798,AT2G24790.1,C2C2-CO-like,CONSTANS-LIKE 3 (COL3),1468,4035,2.749 
427,AT1G14687.1,ZF-HD,HOMEOBOX PROTEIN 32 (HB32),1359,3729,2.744 
1158,AT3G61970.1,RAV,NGATHA2 (NGA2),4229,11573,2.737 
1166,AT1G14410.1,Whirly,WHIRLY 1 (WHY1),2811,7685,2.734 
23,AT1G28450.1,MADS,AGAMOUS-LIKE 58 (AGL58),3299,9015,2.733 
762,AT1G54060.1,Trihelix,6B-INTERACTING PROTEIN 1-LIKE 1 (ASIL1),1574,4301,2.733 
1019,AT2G26940.1,C2H2,,2644,7216,2.729 
112,AT4G37730.1,bZIP,BASIC LEUCINE-ZIPPER 7 (bZIP7),4993,13553,2.714 
43,AT3G61910.1,NAC,NAC DOMAIN PROTEIN 66 (NAC066),5380,14602,2.714 
428,AT1G22130.1,"MADS a,b",AGAMOUS-LIKE 104 (AGL104),2906,7880,2.712 
429,AT5G38740.1,MADS,AGAMOUS-LIKE 77 (AGL77),1466,3974,2.711 
430,AT1G01030.1,ABI3VP1,NGATHA3 (NGA3),1483,4020,2.711 
68,AT5G18450.1,AP2-EREBP,,6326,17142,2.710 
431,AT2G37740.1,C2H2,ZINC-FINGER PROTEIN 10 (ZFP10),2599,7036,2.707 
432,AT1G21780.1,TRAF,,2539,6868,2.705 
885,AT5G41410.1,"HB a,b",BELL 1 (BEL1),1684,4550,2.702 
752,AT5G54230.1,MYB,MYB DOMAIN PROTEIN 49 (MYB49),2736,7392,2.702 
32,AT5G05090.1,G2-like,,5304,14312,2.698 
909,AT5G15130.1,WRKY,WRKY DNA-BINDING PROTEIN 72 (WRKY72),1535,4134,2.693 
808,AT2G30420.1,"MYB-related a,b",ENHANCER OF TRY AND CPC 2 (ETC2),1591,4277,2.688 
1181,AT1G43700.1,bZIP,VIRE2-INTERACTING PROTEIN 1 (VIP1),2511,6739,2.684 
433,AT1G29860.1,WRKY,WRKY DNA-BINDING PROTEIN 71 (WRKY71),1156,3095,2.677 
159,AT1G08465.1,C2C2-YABBY,YABBY2 (YAB2),4545,12128,2.668 
48,AT2G22630.1,MADS,AGAMOUS-LIKE 17 (AGL17),4062,10838,2.668 
1151,AT5G57520.1,C2H2,ZINC FINGER PROTEIN 2 (ZFP2),1914,5044,2.635 
228,AT5G08070.1,TCP,TCP DOMAIN PROTEIN 17 (TCP17),8756,22990,2.626 
1187,AT1G09030.1,CCAAT-HAP3,"NUCLEAR FACTOR Y, SUBUNIT B4 (NF-YB4)",2017,5293,2.624 
267,AT5G40220.1,MADS,AGAMOUS-LIKE 43 (AGL43),3864,10138,2.624 
434,AT3G18650.1,MADS,AGAMOUS-LIKE 103 (agl103),4068,10668,2.622 
67,AT2G45650.1,MADS,AGAMOUS-LIKE 6 (AGL6),2961,7762,2.621 
210,AT5G43270.1,SBP,SQUAMOSA PROMOTER BINDING PROTEIN-LIKE 2 (SPL2),4330,11338,2.618 
435,AT2G33610.1,MYB-related,SWITCH SUBUNIT 3 (SWI3B),1509,3950,2.618 
28,AT2G31220.1,bHLH,BASIC HELIX LOOP HELIX PROTEIN 10 (BHLH010),6630,17322,2.613 
436,AT4G37580.1,GNAT a,HOOKLESS 1 (HLS1),5538,14464,2.612 
71,AT1G75520.1,C2H2,SHI-RELATED SEQUENCE 5 (SRS5),3196,8341,2.610 
42,AT4G36570.1,MYB-related,RAD-LIKE 3 (RL3),5463,14219,2.603 
1252,AT1G71930.1,NAC,VASCULAR RELATED NAC-DOMAIN PROTEIN 7 (VND7),4991,12987,2.602 
153,AT1G07050.1,Orphans,FITNESS (FITNESS),2110,5480,2.597 
437,AT5G17810.1,Homeobox,WUSCHEL RELATED HOMEOBOX 12 (WOX12),1397,3628,2.597 
438,AT1G73100.1,SET / PcG,SU(VAR)3-9 HOMOLOG 3 (SUVH3),2331,6045,2.593 
859,AT1G09710.1,"MYB-related a,b",DRMY1 PARALOG 1 (DP1),1261,3266,2.590 
121,AT1G68320.1,MYB,MYB DOMAIN PROTEIN 62 (MYB62),1873,4849,2.589 
113,AT4G35280.1,C2H2,DUO1-ACTIVATED ZINC FINGER 2 (DAZ2),4750,12253,2.580 
1055,AT3G58630.1,Trihelix,,1858,4783,2.574 
1174,AT4G24660.1,ZF-HD,HOMEOBOX PROTEIN 22 (HB22),1831,4700,2.567 
439,AT5G46830.1,bHLH,NACL-INDUCIBLE GENE 1 (NIG1),3421,8775,2.565 
157,AT2G44745.1,WRKY,WRKY DNA-BINDING PROTEIN 12 (WRKY12),3077,7881,2.561 
789,AT2G27760.1,C2H2 d,TRNAISOPENTENYLTRANSFERASE 2 (IPT2),1861,4766,2.561 
39,AT1G35515.1,MYB,HIGH RESPONSE TO OSMOTIC STRESS 10 (HOS10),6938,17750,2.558 
954,AT3G53600.1,C2H2,(ZAT18),1556,3970,2.551 
135,AT4G00232.1,GeBP,,2207,5620,2.546 
440,AT1G09540.1,MYB,MYB DOMAIN PROTEIN 61 (MYB61),1165,2966,2.546 
441,AT4G14490.1,FHA,,1446,3680,2.545 
118,AT5G08520.1,MYB,(MYBS2),3299,8378,2.540 
442,AT1G62010.1,mTERF a,(MTERF14),3578,9083,2.539 
443,AT4G25990.1,Orphans a / C2C2-CO-like b,CIA2-LIKE (CIL),4443,11273,2.537 
937,AT1G75520.1,C2H2,SHI-RELATED SEQUENCE 5 (SRS5),1476,3740,2.534 
57,AT2G19520.1,ND,(FVE),4250,10768,2.534 
156,AT5G64060.1,NAC,NAC DOMAIN CONTAINING PROTEIN 103 (NAC103),3418,8640,2.528 
1180,AT4G05100.1,MYB,MYB DOMAIN PROTEIN 74 (MYB74),2374,5997,2.526 
172,AT1G73410.1,MYB,MYB DOMAIN PROTEIN 54 (MYB54),4840,12191,2.519 
50,AT1G60240.1,ND,,5221,13133,2.515 
80,AT2G18380.1,C2C2-Gata,GATA TRANSCRIPTION FACTOR 20 (GATA20),3051,7674,2.515 
97,AT4G11680.1,ND,,6253,15698,2.510 
1183,AT1G62990.1,Homeobox,KNOTTED-LIKE HOMEOBOX OF ARABIDOPSIS THALIANA 7 (KNAT7),4306,10809,2.510 
1167,AT5G24520.1,ND,TRANSPARENT TESTA GLABRA 1 (ATTTG1),2987,7498,2.510 
444,AT1G43160.1,"AP2-EREBP a,b,c",RELATED TO AP2 6 (RAP2.6),2121,5320,2.508 
827,AT4G01680.1,MYB,MYB DOMAIN PROTEIN 55 (MYB55),1347,3369,2.501 
69,AT5G67060.1,bHLH,HECATE 1 (HEC1),3874,9679,2.498 
155,AT1G35560.1,TCP,TCP DOMAIN PROTEIN 23 (TCP23),4827,12041,2.495 
781,AT3G59060.2,"bHLH a,b",PHYTOCHROME INTERACTING FACTOR 3-LIKE 6 (PIL6),1266,3140,2.480 
1190,AT3G11280.1,MYB,,2251,5543,2.462 
814,AT5G53040.1,AtRKD,RWP-RK DOMAIN-CONTAINING 4 (RKD4),1465,3602,2.459 
761,AT2G05330.2,TRAF a,,1424,3500,2.458 
109,AT4G18470.1,ND,"SUPPRESSOR OF NPR1-1, INDUCIBLE 1 (SNI1)",3860,9485,2.457 
163,AT1G51600.1,C2C2-Gata,ZIM-LIKE 2 (ZML2),1485,3645,2.455 
124,AT1G13600.1,bZIP,BASIC LEUCINE-ZIPPER 58 (AtbZIP58),5763,14109,2.448 
445,AT4G17980.2,NAC,,2350,5738,2.442 
1104,AT2G35310.1,REM,REPRODUCTIVE MERISTEM 23 (REM23),3328,8070,2.425 
785,AT1G31630.1,MADS,AGAMOUS-LIKE 86 (AGL86),1442,3494,2.423 
956,AT4G35280.1,C2H2,DUO1-ACTIVATED ZINC FINGER 2 (DAZ2),1868,4520,2.420 
176,AT5G23260.3,MADS,TRANSPARENT TESTA16 (TT16),4014,9710,2.419 
446,AT2G25820.1,AP2-EREBP,ETHYLENE AND SALT INDUCIBLE 2 (ESE2),2184,5279,2.417 
1322,AT5G46590.1,NAC,NAC DOMAIN CONTAINING PROTEIN 96 (NAC096),3303,7981,2.416 
1178,AT4G19630.1,ND,,4646,11226,2.416 
926,AT1G19790.1,C2H2,SHI-RELATED SEQUENCE 7 (SRS7),1562,3762,2.408 
1245,AT5G45110.1,NPR,NPR3,3999,9606,2.402 
140,AT1G65360.1,MADS,AGAMOUS-LIKE 23 (AGL23),1953,4689,2.401 
754,AT5G52170.1,"HB a,b",HOMEODOMAIN GLABROUS 7 (HDG7),1678,4019,2.395 
447,AT3G20810.1,JUMONJI,JUMONJI DOMAIN CONTAINING 5 (JMJD5),1382,3310,2.395 
1176,AT4G33450.1,MYB,MYB DOMAIN PROTEIN 69 (MYB69),3906,9319,2.386 
1168,AT3G26744.1,bHLH,INDUCER OF CBF EXPRESSION 1 (ICE1),2686,6406,2.385 
175,AT2G25900.1,C3H,(ATCTH),4587,10902,2.377 
76,AT5G22380.1,NAC,NAC DOMAIN CONTAINING PROTEIN 90 (NAC090),2655,6309,2.376 
448,AT1G61990.1,mTERF,(MTERF13),1265,3005,2.375 
79,AT2G47890.1,C2C2-CO-like,B-BOX PROTEIN 11 (BBX11),3050,7243,2.375 
449,AT1G54360.2,ND,TBP-ASSOCIATED FACTOR 6B (TAF6B),2738,6500,2.374 
450,AT4G08250.1,GRAS,,1323,3136,2.370 
777,AT3G06120.1,bHLH,MUTE (MUTE),2400,5688,2.370 
451,AT3G52525.1,OFP,OVATE FAMILY PROTEIN 6 (OFP6),3407,8056,2.365 
1203,AT5G15770.1,GNAT,GLUCOSAMINE-6-PHOSPHATE N-ACETYLTRANSFERASE 1 (GNA1),2127,5029,2.364 
452,AT2G38130.1,GNAT,(ATMAK3),1503,3550,2.362 
60,AT1G65300.1,MADS,AGAMOUS-LIKE 38 (AGL38),5250,12385,2.359 
264,AT1G24610.1,SET/ PcG,,2837,6689,2.358 
793,AT4G37180.1,G2-like,ULT1 INTERACTING FACTOR 1 (UIF1),1242,2924,2.354 
1152,AT5G23000.1,MYB,MYB DOMAIN PROTEIN 37 (MYB37),1981,4658,2.351 
1283,AT3G23130.1,C2H2,SUPERMAN (SUP),2884,6778,2.350 
922,AT5G10970.1,C2H2,,1342,3150,2.347 
1147,AT1G74480.1,AtRKD,RWP-RK DOMAIN CONTAINING 2 (RKD2),4736,11105,2.345 
47,AT3G46590.2,MYB-related ,TRF-LIKE 1 (TRFL1),5663,13265,2.342 
1179,AT5G23650.1,MYB,,2978,6964,2.338 
1242,AT1G19860.1,C3H,,1963,4584,2.335 
845,AT1G48500.1,ZIM,JASMONATE-ZIM-DOMAIN PROTEIN 4 (JAZ4),1705,3979,2.334 
66,AT3G46580.1,MBD,METHYL-CPG-BINDING DOMAIN PROTEIN 5 (MBD5),2835,6612,2.332 
873,AT4G18770.1,MYB,MYB DOMAIN PROTEIN 98 (MYB98),1537,3584,2.332 
138,AT5G07680.1,NAC,NAC DOMAIN CONTAINING PROTEIN 80 (NAC080),2130,4965,2.331 
1364,AT3G49950.1,GRAS,,5926,13807,2.330 
453,AT3G03200.1,NAC,NAC DOMAIN CONTAINING PROTEIN 45 (NAC045),1401,3259,2.326 
869,AT3G49690.1,MYB,MYB DOMAIN PROTEIN 84 (MYB84),1301,3025,2.325 
454,AT1G77570.1,HSF,RESTRICTED TO NUCLEOLUS 1 (REN1),3667,8523,2.324 
455,AT2G38300.1,G2-like,,1307,3036,2.323 
456,AT5G58890.1,MADS,AGAMOUS-LIKE 82 (AGL82),1232,2861,2.322 
933,AT4G27410.2,NAC,RESPONSIVE TO DESICCATION 26 (RD26),2094,4856,2.319 
1154,AT5G58340.1,MYB-related,,1832,4230,2.309 
844,AT2G40210.1,MADS,AGAMOUS-LIKE 48 (AGL48),1263,2911,2.305 
769,AT1G28470.1,NAC,NAC DOMAIN CONTAINING PROTEIN 10 (NAC010),2205,5081,2.304 
457,AT5G37260.1,MYB-related,REVEILLE 2 (RVE2),1943,4463,2.297 
458,AT2G22200.1,AP2-EREBP,,1221,2804,2.296 
141,AT1G29160.1,C2C2-Dof,COGWHEEL1 (COG1),1832,4199,2.292 
1163,AT5G15480.1,C2H2,MALE FERTILITY-ASSOCIATED ZINC FINGER PROTEIN 1 (MAZ1),3496,7990,2.285 
1397,AT2G22300.1,"CAMTA a,b",SIGNAL RESPONSIVE 1 (SR1),2176,4972,2.285 
1004,AT3G61250.1,MYB,MYB DOMAIN PROTEIN 17 (MYB17),1731,3952,2.283 
117,AT2G14880.1,SWI/SNF-BAF60b,(SWIB2),2902,6624,2.283 
81,AT5G59800.1,ND,METHYL-CPG-BINDING DOMAIN 7 (MBD7),2806,6393,2.278 
459,AT5G49300.1,C2C2-Gata,GATA TRANSCRIPTION FACTOR 16 (GATA16),1467,3342,2.278 
460,AT4G28530.1,"NAC a,b",NAC DOMAIN CONTAINING PROTEIN 74 (NAC074),9102,20728,2.277 
122,AT3G62100.1,AUX-IAA,INDOLE-3-ACETIC ACID INDUCIBLE 30 (IAA30),2261,5148,2.277 
831,AT3G54990.1,AP2-EREBP,SCHLAFMUTZE (SMZ),1200,2729,2.274 
152,AT5G25830.1,C2C4-Gata,GATA TRANSCRIPTION FACTOR 12 (GATA12),2081,4725,2.271 
262,AT3G04450.1,G2-like,,2327,5276,2.267 
1185,AT4G36930.1,bHLH,SPATULA (SPT),2461,5578,2.267 
461,AT4G25610.1,C2H2,,1307,2959,2.264 
1201,AT1G77200.1,AP2-EREBP,,2226,5038,2.263 
78,AT2G27300.1,NAC,ARABIDOPSIS NAC DOMAIN CONTAINING PROTEIN 40 (ANAC040),3569,8065,2.260 
462,AT2G35550.2,BBR/BPC,BASIC PENTACYSTEINE 7 (BPC7),1449,3274,2.259 
147,AT2G31230.1,AP2-EREBP,ETHYLENE-RESPONSIVE ELEMENT BINDING FACTOR 15 (ERF15),2575,5815,2.258 
1279,AT1G54830.1,CCAAT-HAP5,"NUCLEAR FACTOR Y, SUBUNIT C3 (NF-YC3)",2557,5772,2.257 
834,AT3G12820.1,MYB,MYB DOMAIN PROTEIN 10 (MYB10),1571,3546,2.257 
463,AT1G55580.1,GRAS,LATERAL SUPPRESSOR (LAS),1493,3363,2.253 
173,AT4G38960.1,C2C2-CO-like,B-BOX DOMAIN PROTEIN 19 (BBX19),2541,5723,2.252 
792,AT4G38160.2,mTERF a,PIGMENT DEFECTIVE 191 (pde191),1501,3366,2.243 
1253,AT3G61890.1,Homeobox,HOMEOBOX 12 (HB-12),2439,5468,2.242 
55,AT4G12040.1,zf-AN1,STRESS-ASSOCIATED PROTEIN 7 (SAP7),4169,9317,2.235 
802,AT1G53320.1,TUB,TUBBY LIKE PROTEIN 7 (TLP7),1608,3591,2.233 
1249,AT1G22640.1,MYB,MYB DOMAIN PROTEIN 3 (MYB3),2325,5188,2.231 
994,AT2G03050.1,mTERF,EMBRYO DEFECTIVE 93 (EMB93),1414,3146,2.225 
167,AT5G21120.1,EIL,ETHYLENE-INSENSITIVE3-LIKE 2 (EIL2),2492,5544,2.225 
186,AT5G06070.1,C2H2,RABBIT EARS (RBE),1857,4131,2.225 
784,AT5G26630.1,MADS,AGAMOUS-LIKE 35 (AGL35),1300,2891,2.224 
25,AT1G72350.1,MADS,AGAMOUS-LIKE 60 (AGL60),2603,5788,2.224 
464,AT2G41310.1,Orphans,RESPONSE REGULATOR 3 (RR3),1244,2766,2.223 
1173,AT5G15840.1,C2C2-CO-like,CONSTANS (CO),3389,7520,2.219 
815,AT5G44260.1,C3H,TANDEM CCCH ZINC FINGER PROTEIN 5 (TZF5),1606,3558,2.215 
91,AT5G15800.1,MADS,SEPALLATA1 (SEP1),3445,7631,2.215 
465,AT2G02740.1,PBF-2-like a / WHIRLY b,WHIRLY 3 (WHY3),6240,13819,2.215 
219,AT1G01010.1,NAC,NAC DOMAIN CONTAINING PROTEIN 1 (NAC001),2333,5159,2.211 
779,AT1G73410.1,MYB,MYB DOMAIN PROTEIN 54 (MYB54),1674,3698,2.209 
466,AT1G15050.1,AUX-IAA,INDOLE-3-ACETIC ACID INDUCIBLE 34 (IAA34),2219,4895,2.206 
467,AT2G39000.1,GNAT,(ATNAA70),1268,2794,2.203 
468,AT3G04380.1,SET / PcG,(SUVR4),2096,4614,2.201 
99,AT2G27990.1,Homeobox,BEL1-LIKE HOMEODOMAIN 8 (BLH8),5659,12446,2.199 
469,AT3G01530.1,MYB,MYB DOMAIN PROTEIN 57 (MYB57),1409,3097,2.198 
819,AT2G39830.1,Orphans a / LIM b,DA1-RELATED PROTEIN 2 (DAR2),1306,2870,2.198 
470,AT3G12680.1,C3H,ENHANCER OF AG-4 1 (HUA1),1239,2722,2.197 
208,AT1G75390.1,bZIP,BASIC LEUCINE-ZIPPER 44 (bZIP44),2980,6540,2.195 
471,AT3G19500.1,ND,,2966,6482,2.185 
820,AT5G41200.1,MADS,AGAMOUS-LIKE 75 (AGL75),1310,2861,2.184 
203,AT5G60200.1,C2C2-Dof,TARGET OF MONOPTEROS 6 (TMO6),2317,5060,2.184 
154,AT3G30260.1,MADS,AGAMOUS-LIKE 79 (AGL79),1385,3024,2.183 
1155,AT1G62975.1,bHLH,,2950,6433,2.181 
150,AT2G02060.1,G2-like,,1640,3571,2.177 
472,AT5G64610.1,C2H2,HISTONE ACETYLTRANSFERASE OF THE MYST FAMILY 1 (HAM1),3792,8247,2.175 
836,AT2G42360.1,C3H,ARABIDOPSIS T??XICOS EN LEVADURA 41 (ATL41),1511,3286,2.175 
759,AT5G64750.1,"AP2-EREBP a,b,c",ABA REPRESSOR1 (ABR1),1418,3081,2.173 
89,AT5G26650.1,MADS ,AGAMOUS-LIKE 36 (AGL36),4173,9046,2.168 
327,AT1G17380.1,ZIM,JASMONATE-ZIM-DOMAIN PROTEIN 5 (JAZ5),3963,8587,2.167 
1165,AT5G46710.1,PLATZ,,2906,6289,2.164 
473,AT5G66980.1,ABI3-VP1,,1385,2989,2.158 
1254,AT2G27220.1,Homeobox,BEL1-LIKE HOMEODOMAIN 5 (BLH5),1711,3689,2.156 
474,AT5G07500.1,"C3H a,b",(PEI1),5880,12647,2.151 
868,AT3G18870.1,mTERF,(MTERF11),1318,2832,2.149 
475,AT5G49490.1,MADS,AGAMOUS-LIKE 83 (AGL83),1506,3233,2.147 
895,AT5G08330.1,"TCP a,b,c",TCP DOMAIN PROTEIN 21 (TCP21),1163,2495,2.145 
774,AT5G42640.1,"C2H2 a,b,c",GAZ-LIKE 2 (GAL2),1491,3197,2.144 
898,AT5G25190.1,AP2-EREBP,ETHYLENE AND SALT INDUCIBLE 3 (ESE3),1220,2615,2.143 
87,AT3G12820.1,MYB,MYB DOMAIN PROTEIN 10 (MYB10),4747,10170,2.142 
201,AT5G64530.1,NAC,XYLEM NAC DOMAIN 1 (XND1),1770,3785,2.138 
1375,AT5G44210.1,AP2-EREBP,ERF DOMAIN PROTEIN 9 (ERF9),4180,8928,2.136 
1208,AT1G23420.1,C2C2-YABBY,INNER NO OUTER (INO),2466,5258,2.132 
476,AT1G73730.1,EIL,ETHYLENE-INSENSITIVE3-LIKE 3 (EIL3),1252,2665,2.129 
477,AT5G25475.1,ABI3-VP1,,2870,6101,2.126 
83,AT2G22760.1,bHLH,,4190,8900,2.124 
1023,AT5G62470.2,MYB,MYB DOMAIN PROTEIN 96 (MYB96),1400,2973,2.124 
478,AT5G54360.1,C2H2,,1749,3711,2.122 
865,AT3G16500.1,AUX-IAA,PHYTOCHROME-ASSOCIATED PROTEIN 1 (PAP1),1148,2434,2.120 
479,AT3G61120.1,"MADS a,b",AGAMOUS-LIKE 13 (AGL13),2196,4654,2.119 
480,AT5G19490.1,CCAAT,,1311,2776,2.117 
481,AT4G17695.1,G2-like,KANADI 3 (KAN3),5120,10830,2.115 
144,AT5G19910.1,SOH1,(MED31),2911,6144,2.111 
482,AT1G25280.1,TUB,TUBBY LIKE PROTEIN 10 (TLP10),1209,2551,2.110 
483,AT1G76870.1,TRIHELIX,,1448,3055,2.110 
1110,AT3G07260.1,"FHA a,b",,1935,4077,2.107 
484,AT3G05800.1,bHLH,ATBS1(ACTIVATION-TAGGED BRI1 SUPPRESSOR 1)-INTERACTING FACTOR 1 (AIF1),1830,3853,2.105 
180,AT1G22490.1,bHLH,(BHLH094),3416,7167,2.098 
485,AT5G27090.1,"MADS a,b",AGAMOUS-LIKE 54 (AGL54),5255,11025,2.098 
486,AT1G18335.1,GNAT,,1532,3211,2.096 
487,AT1G19050.1,Orphans,RESPONSE REGULATOR 7 (ARR7),1415,2965,2.095 
488,AT5G14010.1,C2H2,KNUCKLES (KNU),1128,2363,2.095 
489,AT1G06920.1,OFP,OVATE FAMILY PROTEIN 4 (OFP4),1431,2997,2.094 
490,AT1G66390.1,MYB,MYB DOMAIN PROTEIN 90 (MYB90),1199,2511,2.094 
955,AT4G02590.1,bHLH,UNFERTILIZED EMBRYO SAC 12 (UNE12),1306,2734,2.093 
375,AT1G04990.1,C3H,,5127,10719,2.091 
14,AT2G30580.1,C3H,DREB2A-INTERACTING PROTEIN 2 (DRIP2),2821,5896,2.090 
491,AT5G60142.1,ABI3-VP1 a / B3 c,,2395,5000,2.088 
492,AT3G07340.1,bHLH,CRY2-INTERACTING BHLH 3 (CIB3),1227,2561,2.087 
924,AT2G40950.1,bZIP,(BZIP17),1270,2643,2.081 
1223,AT3G56520.1,NAC,,2208,4595,2.081 
166,AT3G54390.1,TRIHELIX,,2045,4253,2.080 
493,AT5G03415.1,E2F-DP,(DPB),1393,2896,2.079 
840,AT2G14880.1,SWI/SNF-BAF60b,(SWIB2),1230,2555,2.077 
1280,AT1G49475.1,ABI3-VP1,,7920,16412,2.072 
992,AT5G59340.1,Homeobox,WUSCHEL RELATED HOMEOBOX 2 (WOX2),1719,3540,2.059 
1272,AT3G56400.1,WRKY,WRKY70,9908,20380,2.057 
494,AT2G46790.1,C2C2-CO-like,PSEUDO-RESPONSE REGULATOR 9 (PRR9),2185,4483,2.052 
1214,AT3G01330.1,E2F-DP,DP-E2F-LIKE PROTEIN 3 (DEL3),2231,4572,2.049 
1069,AT5G26950.1,MADS,AGAMOUS-LIKE 93 (AGL93),1848,3786,2.049 
495,AT3G21350.1,MED6,(MED6),1524,3121,2.048 
1000,AT1G01520.1,MYB-related,ALTERED SEED GERMINATION 4 (ASG4),1384,2830,2.045 
298,AT2G01650.1,C2H2,PLANT UBX DOMAIN-CONTAINING PROTEIN 2 (PUX2),2381,4866,2.044 
322,AT4G30410.1,bHLH,IBH1-LIKE 1 (IBL1),3313,6769,2.043 
782,AT4G00130.1,GeBP,,2080,4245,2.041 
919,AT4G04030.1,OFP,OVATE FAMILY PROTEIN 9 (OFP9),1501,3063,2.041 
496,AT3G07220.1,FHA,FORKHEAD-ASSOCIATED 2 (FHA2),1798,3665,2.038 
497,AT4G29930.3,bHLH,,1279,2604,2.036 
1472,AT2G26150.1,HSF,HSFA2A,9866,20055,2.033 
1079,AT3G50330.1,"bHLH a,b",HECATE 2 (HEC2),1413,2872,2.033 
116,AT5G06800.1,G2-like,,2173,4403,2.026 
184,AT1G68150.1,WRKY ,WRKY DNA-BINDING PROTEIN 9 (WRKY9),1639,3310,2.020 
916,AT2G41370.1,TRAF,BLADE ON PETIOLE2 (BOP2),1391,2808,2.019 
498,AT5G03510.1,C2H2,,1232,2486,2.018 
499,AT3G25990.1,Trihelix,,1206,2433,2.017 
500,AT1G09250.1,bHLH,ATBS1 INTERACTING FACTOR 4 (AIF4),1376,2772,2.015 
967,AT2G15740.1,C2H2,GAZ-LIKE 1 (GAL1),1339,2696,2.013 
804,AT1G02170.1,PEPTIDASE_C14,METACASPASE 1 (MC1),1294,2605,2.013 
936,AT2G38470.1,WRKY,WRKY DNA-BINDING PROTEIN 33 (WRKY33),1200,2412,2.010 
799,AT4G01260.1,GeBP,,1334,2681,2.010 
253,AT2G46270.1,bZIP,G-BOX BINDING FACTOR 3 (GBF3),2175,4371,2.010 
125,AT5G65410.1,ZF-HD,HOMEOBOX PROTEIN 25 (HB25),2910,5845,2.009 
73,AT3G16280.1,AP2-EREBP,ETHYLENE RESPONSE FACTOR 36 (ERF036),4569,9157,2.004 
501,AT1G77450.1,NAC,NAC DOMAIN CONTAINING PROTEIN 32 (NAC032),1361,2727,2.004 
70,AT5G03500.1,MED7,MED7B (MED7B),3424,6854,2.002 
1191,AT5G44080.1,bZIP,,2413,4828,2.001 
502,AT1G76590.1,"PLATZ a,b",(PLATZ2),2079,4155,1.999 
1250,AT5G67411.1,GRAS,,4405,8800,1.998 
806,AT1G34190.1,NAC,NAC DOMAIN CONTAINING PROTEIN 17 (NAC017),1587,3168,1.996 
216,AT5G56840.1,MYB-related,,2286,4563,1.996 
1304,AT1G32640.1,"bHLH a,b",(MYC2),2503,4989,1.993 
1222,AT5G17490.1,GRAS,RGA-LIKE PROTEIN 3 (RGL3),2314,4600,1.988 
170,AT3G50410.1,C2C2-Dof,OBF BINDING PROTEIN 1 (OBP1),2536,5034,1.985 
248,AT4G01280.1,MYB-related,REVEILLE 5 (RVE5),1731,3434,1.984 
503,AT3G49800.1,BSD,,1299,2575,1.982 
132,AT3G48100.1,ARR-B,RESPONSE REGULATOR 5 (RR5),2212,4384,1.982 
1217,AT1G24040.1,GNAT,GCN5‐RELATED N‐ACETYLTRANSFERASE 5 (GNAT5),2277,4512,1.982 
325,AT5G27910.1,CCAAT-HAP5,"NUCLEAR FACTOR Y, SUBUNIT C8 (NF-YC8)",2111,4176,1.978 
114,AT1G72450.1,ZIM,JASMONATE-ZIM-DOMAIN PROTEIN 6 (JAZ6),3945,7803,1.978 
876,AT1G10240.1,FAR1 a,FAR1-RELATED SEQUENCE 11 (FRS11),1164,2300,1.976 
837,AT3G66656.1,MADS,AGAMOUS-LIKE 91 (AGL91),1058,2089,1.974 
1209,AT1G02210.1,NAC,,2073,4091,1.973 
504,AT1G76890.2,Trihelix,(GT2),1550,3056,1.972 
505,AT5G02460.1,C2C2-Dof,PHLOEM EARLY DOF 2 (PEAR2),2914,5739,1.969 
506,AT5G06160.1,C2H2 d,ATROPOS (ATO),2135,4199,1.967 
507,AT4G32280.1,AUX-IAA,INDOLE-3-ACETIC ACID INDUCIBLE 29 (IAA29),2290,4502,1.966 
790,AT4G18470.1,ND,"SUPPRESSOR OF NPR1-1, INDUCIBLE 1 (SNI1)",1303,2556,1.962 
214,AT1G69780.1,Homeobox,(ATHB13),1730,3393,1.961 
368,AT4G26150.1,C2C3-Gata,CYTOKININ-RESPONSIVE GATA FACTOR 1 (CGA1),5495,10765,1.959 
146,AT5G11190.1,AP2-EREBP,SHINE2 (SHN2),1990,3896,1.958 
1202,AT4G00270.1,GeBP,GL1 ENHANCER BINDING PROTEIN (GeBP),1873,3657,1.952 
1189,AT5G46690.1,bHLH,BETA HLH PROTEIN 71 (bHLH071),3451,6737,1.952 
129,AT2G41240.1,bHLH,BASIC HELIX-LOOP-HELIX PROTEIN 100 (BHLH100),3035,5923,1.952 
133,AT3G25710.1,bHLH,BASIC HELIX-LOOP-HELIX 32 (BHLH32),1506,2938,1.951 
508,AT2G27930.1,PLATZ,,1477,2879,1.949 
892,AT1G29950.1,bHLH,(SACL3),1162,2261,1.946 
115,AT4G11880.1,MADS,AGAMOUS-LIKE 14 (AGL14),2211,4297,1.943 
202,AT4G35700.1,C2H,DUO1-ACTIVATED ZINC FINGER 3 (DAZ3),1680,3265,1.943 
104,AT3G56970.1,bHLH,BASIC HELIX-LOOP-HELIX 38 (BHLH38),3683,7153,1.942 
509,AT5G50670.1,SBP,SQUAMOSA PROMOTER-BINDING PROTEIN LIKE 13B (SPL13B),1331,2584,1.941 
105,AT2G46970.1,bHLH,PHYTOCHROME INTERACTING FACTOR 3-LIKE 1 (PIL1),2069,4015,1.941 
177,AT3G48600.1,SWI/SNF-BAF60b,(SWIB1),1393,2703,1.940 
234,AT1G69170.1,SBP,SQUAMOSA PROMOTER BINDING PROTEIN (SBP)-DOMAIN TRANSCRIPTION FACTOR 6 (SPL6),1257,2439,1.940 
510,AT5G51860.2,MADS,AGAMOUS-LIKE 72 (AGL72),1224,2374,1.940 
848,AT1G13260.1,RAV,RELATED TO ABI3/VP1 1 (RAV1),1196,2319,1.939 
103,AT3G11580.1,ABI3-VP1,NGATHA-LIKE PROTEIN2 (NGAL2),2039,3947,1.936 
511,AT1G56160.1,MYB,MYB DOMAIN PROTEIN 72 (MYB72),1210,2341,1.935 
867,AT1G68240.1,bHLH,,1130,2186,1.935 
1310,AT5G13080.1,WRKY,WRKY DNA-BINDING PROTEIN 75 (WRKY75),3157,6107,1.934 
158,AT3G01470.1,Homeobox,HOMEOBOX 1 (HB-1),2123,4103,1.933 
512,AT1G19040.1,NAC,,1968,3803,1.932 
921,AT2G20880.1,AP2-EREBP,ERF DOMAIN 53 (ERF53),1332,2573,1.932 
513,AT1G32510.1,NAC,NAC DOMAIN CONTAINING PROTEIN 11 (NAC011),1300,2509,1.930 
514,AT5G17800.1,"MYB a,b",MYB DOMAIN PROTEIN 56 (MYB56),3312,6390,1.929 
515,AT2G36080.1,RAV,ABNORMAL SHOOT 2 (ABS2),1239,2390,1.929 
795,AT2G32930.2,"C3H a,b",ZINC FINGER NUCLEASE 2 (ZFN2),1317,2538,1.927 
1215,AT2G31310.1,LOB / AS2,LOB DOMAIN-CONTAINING PROTEIN 14 (LBD14),3047,5871,1.927 
516,AT3G46600.1,GRAS,,1226,2359,1.924 
517,AT1G65620.1,LOB / AS2,ASYMMETRIC LEAVES 2 (AS2),1159,2227,1.921 
780,AT2G16400.1,"HB a,b",BEL1-LIKE HOMEODOMAIN 7 (BLH7),1313,2520,1.919 
1265,AT2G40750.1,WRKY,WRKY54,5358,10270,1.917 
518,AT3G56230.1,TRAF,,1469,2815,1.916 
519,AT2G40450.1,TRAF,,1230,2356,1.915 
1197,AT3G50700.1,C2H2,INDETERMINATE(ID)-DOMAIN 2 (AtIDD2),3358,6431,1.915 
165,AT4G17460.1,Homeobox,(HAT1),1373,2626,1.913 
520,AT1G30135.1,ZIM,JASMONATE-ZIM-DOMAIN PROTEIN 8 (JAZ8),1439,2751,1.912 
521,AT5G40330.1,MYB,MYB DOMAIN PROTEIN 23 (MYB23),1227,2344,1.910 
1308,AT3G17600.1,AUX-IAA,INDOLE-3-ACETIC ACID INDUCIBLE 31 (IAA31),3114,5944,1.909 
522,AT2G18160.1,bZIP,BASIC LEUCINE-ZIPPER 2 (bZIP2),1243,2372,1.908 
1007,AT4G01720.1,WRKY,(WRKY47),1429,2725,1.907 
1237,AT4G37790.1,Homeobox,(HAT22),3498,6662,1.905 
523,AT1G73870.1,C2C2-CO-like,B-BOX DOMAIN PROTEIN 16 (BBX16),1570,2990,1.904 
854,AT3G14020.1,CCAAT-HAP2,"NUCLEAR FACTOR Y, SUBUNIT A6 (NF-YA6)",1152,2193,1.904 
130,AT5G15830.1,bZIP,BASIC LEUCINE-ZIPPER 3 (bZIP3),2396,4561,1.904 
1156,AT4G25440.1,C3H,ZINC FINGER WD40 REPEAT PROTEIN 1 (ZFWD1),2313,4402,1.903 
925,AT4G30410.1,bHLH,IBH1-LIKE 1 (IBL1),1599,3043,1.903 
1273,AT2G01760.1,ARR-B,RESPONSE REGULATOR 14 (RR14),2651,5041,1.902 
958,AT5G21120.1,EIL,ETHYLENE-INSENSITIVE3-LIKE 2 (EIL2),1361,2587,1.901 
524,AT1G10610.1,bHLH,,1306,2481,1.900 
810,AT1G22590.2,MADS,AGAMOUS-LIKE 87 (AGL87),1304,2477,1.900 
189,AT2G41130.1,bHLH,(BHLH106),1791,3402,1.899 
525,AT5G20240.1,"MADS a,b",PISTILLATA (PI),2723,5170,1.899 
526,AT5G09460.1,bHLH,(SACL1),8178,15514,1.897 
527,AT5G49330.1,MYB,MYB DOMAIN PROTEIN 111 (MYB111),1198,2271,1.896 
528,AT3G13960.1,GRF,GROWTH-REGULATING FACTOR 5 (GRF5),1365,2587,1.895 
529,AT5G38490.1,REM(B3),,2763,5236,1.895 
947,AT2G41940.1,C2H2,ZINC FINGER PROTEIN 8 (ZFP8),1217,2298,1.888 
530,AT2G47190.1,MYB,MYB DOMAIN PROTEIN 2 (MYB2),1409,2660,1.888 
531,AT3G10500.1,NAC,NAC DOMAIN CONTAINING PROTEIN 53 (NAC053),1710,3228,1.888 
877,AT1G07530.1,"GRAS a,b",SCARECROW-LIKE 14 (SCL14),1331,2512,1.887 
532,AT3G46070.1,C2H2,,1167,2201,1.886 
533,AT4G37940.1,MADS,AGAMOUS-LIKE 21 (AGL21),1121,2114,1.886 
894,AT5G66630.1,Orphans a / LIM b,DA1-RELATED PROTEIN 5 (DAR5),1577,2973,1.885 
824,AT3G05200.1,ND,ARABIDOPSIS TOXICOS EN LEVADURA 6 (ATL6),1214,2288,1.885 
1233,AT2G30424.1,MYB-related ,TRICHOMELESS 2 (TCL2),6066,11430,1.884 
900,AT2G18280.1,TUB,TUBBY LIKE PROTEIN 2 (TLP2),1278,2406,1.883 
534,AT3G09735.1,S1Fa-like,,1816,3417,1.882 
204,AT3G30210.1,MYB,MYB DOMAIN PROTEIN 121 (MYB121),1645,3086,1.876 
1343,AT2G17150.1,RWP-RK a / NIN-like b,NIN-LIKE PROTEIN 1 (NLP1),2658,4986,1.876 
535,AT4G27310.1,C2C2-CO-like,B-BOX DOMAIN PROTEIN 28 (BBX28),1143,2144,1.876 
972,AT1G24250.1,Orphans,,1118,2097,1.876 
1473,AT2G37000.1,TCP,,2979,5585,1.875 
536,AT1G69010.1,bHLH,BES1-INTERACTING MYC-LIKE PROTEIN 2 (BIM2),1201,2251,1.874 
537,AT2G40350.1,AP2-EREBP,,1410,2640,1.872 
538,AT4G31550.2,WRKY,WRKY DNA-BINDING PROTEIN 11 (WRKY11),1246,2331,1.871 
950,AT4G36710.1,GRAS,(HAM4),1089,2037,1.871 
773,AT3G08505.1,"C3H a,b",,1264,2361,1.868 
938,AT2G45800.1,LIM,PLIM2A (PLIM2a),1228,2292,1.866 
1259,AT4G35040.1,bZIP,(bZIP19),1962,3660,1.865 
539,AT1G77920.1,bZIP,TGACG SEQUENCE-SPECIFIC BINDING PROTEIN 7 (TGA7),1134,2115,1.865 
540,AT3G61950.1,bHLH,MYC-TYPE TRANSCRIPTION FACTOR 67 (MYC67),1365,2544,1.864 
1198,AT5G56900.2,C3H,,1692,3150,1.862 
294,AT3G26744.1,bHLH,INDUCER OF CBF EXPRESSION 1 (ICE1),1308,2432,1.859 
541,AT3G57390.1,MADS,AGAMOUS-LIKE 18 (AGL18),1313,2440,1.858 
1063,AT5G27880.1,"C2H2 a,b,c",,1251,2319,1.854 
912,AT5G26610.1,C2H2 b,,1035,1917,1.852 
847,AT1G27280.1,Orphans,,1316,2437,1.852 
227,AT5G62380.1,NAC,NAC-DOMAIN PROTEIN 101 (NAC101),1780,3295,1.851 
137,AT2G46160.1,ND,ARABIDOPSIS T??XICOS EN LEVADURA 67 (ATL67),2267,4195,1.850 
927,AT4G38170.1,ND,FAR1-RELATED SEQUENCE 9 (FRS9),1237,2288,1.850 
188,AT2G24430.1,NAC,NAC DOMAIN CONTAINING PROTEIN 38 (NAC038),1110,2052,1.849 
871,AT4G00210.1,LOB / AS2,LOB DOMAIN-CONTAINING PROTEIN 31 (LBD31),1162,2148,1.849 
1090,AT3G11100.1,TRIHELIX,VFP3 (VFP3),2375,4390,1.848 
162,AT5G62320.1,MYB,MYB DOMAIN PROTEIN 99 (MYB99),2202,4066,1.847 
984,AT1G32330.1,HSF,HEAT SHOCK TRANSCRIPTION FACTOR A1D (HSFA1D),1191,2197,1.845 
906,AT1G67710.1,ARR-B,RESPONSE REGULATOR 11 (ARR11),1180,2171,1.840 
838,AT4G35580.1,NAC,NAC TRANSCRIPTION FACTOR-LIKE 9 (NTL9),1092,2009,1.840 
542,AT4G12850.1,FAR1,FAR1-RELATED SEQUENCES-RELATED FACTOR3 (FRF3),3694,6794,1.839 
543,AT5G26749.1,C3H,,1220,2242,1.838 
969,AT2G45160.1,GRAS,HAIRY MERISTEM 1 (HAM1),1297,2379,1.834 
544,AT3G03660.1,Homeobox,WUSCHEL RELATED HOMEOBOX 11 (WOX11),1291,2364,1.831 
888,AT5G01900.1,WRKY,WRKY DNA-BINDING PROTEIN 62 (WRKY62),1186,2169,1.829 
545,AT3G11260.1,Homeobox,WUSCHEL RELATED HOMEOBOX 5 (WOX5),2744,5014,1.827 
546,AT5G08790.1,NAC,(ATAF2),1621,2958,1.825 
931,AT3G47500.1,C2C2-Dof,CYCLING DOF FACTOR 3 (CDF3),1250,2280,1.824 
547,AT4G34290.1,SWI/SNF-BAF60b,(SWIB3),1259,2296,1.824 
823,AT1G62150.1,mTERF,(MTERF20),1411,2573,1.824 
548,AT1G60350.1,NAC,NAC DOMAIN CONTAINING PROTEIN 24 (NAC024),1248,2275,1.823 
1248,AT3G61460.1,ND,BRASSINOSTEROID-RESPONSIVE RING-H2 (BRH1),3076,5605,1.822 
929,AT1G80390.1,AUX-IAA,INDOLE-3-ACETIC ACID INDUCIBLE 15 (IAA15),1200,2186,1.822 
549,AT1G25440.1,C2C2-CO-like,B-BOX DOMAIN PROTEIN 15 (BBX15),1280,2331,1.821 
260,AT3G57920.1,SBP,SQUAMOSA PROMOTER BINDING PROTEIN-LIKE 15 (SPL15),1969,3585,1.821 
171,AT5G27810.1,ND,,1603,2917,1.820 
818,AT4G00150.1,"GRAS a,b",HAIRY MERISTEM 3 (HAM3),1205,2192,1.819 
142,AT2G34720.1,CCAAT-HAP2,"NUCLEAR FACTOR Y, SUBUNIT A4 (NF-YA4)",2010,3656,1.819 
1034,AT5G16820.1,"HSF a,b,c",HEAT SHOCK FACTOR 3 (HSF3),1273,2314,1.818 
550,AT3G02380.1,C2C2-CO-like,CONSTANS-LIKE 2 (COL2),1302,2366,1.817 
897,AT1G55600.1,WRKY ,WRKY DNA-BINDING PROTEIN 10 (WRKY10),1171,2126,1.816 
551,AT5G65640.1,bHLH,BETA HLH PROTEIN 93 (bHLH093),1197,2172,1.815 
221,AT4G01120.1,bZIP,G-BOX BINDING FACTOR 2 (GBF2),1468,2662,1.813 
552,AT5G11260.1,bZIP,ELONGATED HYPOCOTYL 5 (HY5),1284,2327,1.812 
553,AT3G04730.1,AUX-IAA,INDOLEACETIC ACID-INDUCED PROTEIN 16 (IAA16),1308,2367,1.810 
554,AT2G23660.1,LOB / AS2,LOB DOMAIN-CONTAINING PROTEIN 10 (LBD10),1247,2256,1.809 
281,AT2G18300.1,bHLH,HOMOLOG OF BEE2 INTERACTING WITH IBH 1 (HBI1),1942,3511,1.808 
952,AT2G22770.1,bHLH,(NAI1),1298,2344,1.806 
911,AT2G23060.1,GNAT,,1272,2295,1.804 
801,AT2G33480.1,NAC,NAC DOMAIN CONTAINING PROTEIN 41 (NAC041),1422,2564,1.803 
976,AT4G17230.2,"GRAS a,b",,1161,2092,1.802 
555,AT4G21080.1,C2C2-Dof,DNA-BINDING WITH ONE FINGER 4.5 (DOF4.5),1569,2826,1.801 
556,AT2G40200.1,bHLH,,1349,2428,1.800 
973,AT2G30400.1,OFP,OVATE FAMILY PROTEIN 2 (OFP2),1393,2507,1.800 
244,AT3G07670.1,TCP,,1336,2404,1.799 
951,AT1G18960.1,MYB-related,,1256,2260,1.799 
557,AT2G28160.1,bHLH,FER-LIKE IRON DEFICIENCY INDUCED TRANSCRIPTION FACTOR (FIT),1251,2251,1.799 
757,AT5G06250.2,"ABI3-VP1 a,b",DEVELOPMENT-RELATED PCG TARGET IN THE APEX 4 (DPA4),1246,2242,1.799 
558,AT5G66350.1,C2H2,SHORT INTERNODES (SHI),1637,2945,1.799 
559,AT2G41690.1,HSF,HEAT SHOCK TRANSCRIPTION FACTOR B3 (HSFB3),1510,2715,1.798 
560,AT5G61890.1,AP2-EREBP,(ERF114),1173,2108,1.797 
965,AT4G38180.1,FAR1 a,FAR1-RELATED SEQUENCE 5 (FRS5),1200,2156,1.797 
561,AT1G28050.1,C2C2-CO-like,B-BOX DOMAIN PROTEIN 13 (BBX13),1610,2891,1.796 
850,AT3G04280.1,Orphans,RESPONSE REGULATOR 22 (RR22),1166,2093,1.795 
562,AT1G19180.1,ZIM,JASMONATE-ZIM-DOMAIN PROTEIN 1 (JAZ1),1219,2188,1.795 
563,AT3G12910.1,NAC / NAM,,1329,2384,1.794 
849,AT2G24430.1,NAC,NAC DOMAIN CONTAINING PROTEIN 38 (NAC038),1219,2186,1.793 
564,AT3G50890.1,ZF-HD,HOMEOBOX PROTEIN 28 (HB28),1586,2840,1.791 
565,AT4G22140.1,PHD,EARLY BOLTING IN SHORT DAYS (EBS),1288,2305,1.790 
566,AT2G46260.1,TRAF a,LIGHT-RESPONSE BTB 1 (LRB1),1744,3121,1.790 
195,AT1G71260.1,Whirly,WHIRLY 2 (ATWHY2),1568,2804,1.788 
896,AT5G42700.2,"ABI3-VP1 a,b",,1244,2224,1.788 
753,AT1G67370.1,SWI/SNF-SWI3 a,ASYNAPTIC 1 (ASY1),1178,2106,1.788 
872,AT5G03780.1,MYB-related,TRF-LIKE 10 (TRFL10),1102,1970,1.788 
282,AT3G45260.1,C2H2,BALDIBIS (BIB),1423,2543,1.787 
567,AT2G20100.1,ND,UNKNOWN TRANSCRIPTION FACTOR 1 (UKTF1),1113,1988,1.786 
568,AT1G62700.1,NAC,ARABIDOPSIS NAC DOMAIN CONTAINING PROTEIN 26 (ANAC026),4375,7814,1.786 
986,AT5G46915.2,ABI3-VP1 b,,1200,2143,1.786 
192,AT3G12720.1,MYB,MYB DOMAIN PROTEIN 67 (MYB67),1232,2198,1.784 
856,AT1G68510.1,LOB / AS2,LOB DOMAIN-CONTAINING PROTEIN 42 (LBD42),1097,1957,1.784 
982,AT3G53440.1,ND,,1245,2221,1.784 
569,AT3G60580.1,C2H2,(ZAT9),1174,2092,1.782 
242,AT5G16560.1,G2-like,KANADI 1 (KAN1),1204,2145,1.782 
570,AT1G68030.1,PHD,,1208,2151,1.781 
835,AT1G59750.1,"ARF a,b,c",AUXIN RESPONSE FACTOR 1 (ARF1),1402,2496,1.780 
198,AT2G25000.1,WRKY,WRKY DNA-BINDING PROTEIN 60 (WRKY60),1708,3040,1.780 
1051,AT3G61630.1,AP2-EREBP,CYTOKININ RESPONSE FACTOR 6 (CRF6),1321,2351,1.780 
571,AT2G35430.1,C3H,,1230,2189,1.780 
1196,AT2G31210.1,bHLH,BASIC HELIX LOOP HELIX PROTEIN 91 (BHLH091),2932,5218,1.780 
252,AT3G47620.1,TCP,"TEOSINTE BRANCHED, CYCLOIDEA AND PCF (TCP) 14 (TCP14)",1905,3390,1.780 
990,AT1G55760.1,TRAF,STRESS-INDUCED BTB PROTEIN1 (SIBP1),1146,2039,1.779 
764,AT5G04940.1,SET a / PcG b,SU(VAR)3-9 HOMOLOG 1 (SUVH1),1511,2688,1.779 
572,AT5G06770.1,"C3H a,b",(KHZ2),1522,2706,1.778 
905,AT5G58360.1,OFP,OVATE FAMILY PROTEIN 3 (OFP3),1219,2164,1.775 
1238,AT5G09780.1,REM,REPRODUCTIVE MERISTEM 25 (REM25),2606,4626,1.775 
179,AT3G60490.1,AP2-EREBP,ETHYLENE-RESPONSIVE TRANSCRIPTION FACTOR 35 (ERF35),2120,3761,1.774 
914,AT2G02540.1,ZF-HD,HOMEOBOX PROTEIN 21 (HB21),1227,2176,1.773 
93,AT1G26590.1,C2H2,,3426,6075,1.773 
860,AT5G46350.1,"WRKY a,b,c",WRKY DNA-BINDING PROTEIN 8 (WRKY8),1229,2179,1.773 
119,AT4G09460.1,MYB,MYB DOMAIN PROTEIN 6 (MYB6),1991,3530,1.773 
833,AT2G42430.1,LOB / AS2,LATERAL ORGAN BOUNDARIES-DOMAIN 16 (LBD16),1252,2219,1.772 
846,AT5G04820.1,OFP a,OVATE FAMILY PROTEIN 13 (OFP13),1351,2394,1.772 
573,AT3G16350.1,MYB-related,NITROGEN RESPONSE DEFICIENCY 1 (NID1),1225,2169,1.771 
841,AT4G21340.1,ND,(B70),1231,2178,1.769 
574,AT3G05690.1,CCAAT-HAP2,"NUCLEAR FACTOR Y, SUBUNIT A2 (NF-YA2)",1168,2066,1.769 
1149,AT2G17410.1,"ARID a,b",AT RICH INTERACTION DOMAIN 2 (ARID2),1446,2556,1.768 
575,AT1G01250.1,AP2-EREBP,,1194,2110,1.767 
576,AT2G10950.1,BSD,,1955,3454,1.767 
275,AT1G25470.1,AP2-EREBP,CYTOKININ RESPONSE FACTOR 12 (CRF12),1744,3080,1.766 
239,AT3G10590.1,MYB,,1218,2150,1.765 
577,AT3G43430.1,C3H,,1288,2273,1.765 
231,AT5G59820.1,C2H2,RESPONSIVE TO HIGH LIGHT 41 (RHL41),1886,3328,1.765 
578,AT2G32020.1,GNAT,,2356,4157,1.764 
579,AT2G24570.1,WRKY,WRKY DNA-BINDING PROTEIN 17 (WRKY17),1280,2258,1.764 
226,AT5G59990.1,Orphans,,1517,2676,1.764 
1022,AT4G15250.1,"C2C2-CO-like a,b",B-BOX DOMAIN PROTEIN 9 (BBX9),1135,2002,1.764 
902,AT1G72050.1,"C2H2 a,b,c",TRANSCRIPTION FACTOR IIIA (TFIIIA),1257,2217,1.764 
580,AT1G28300.1,ABI3VP1,LEAFY COTYLEDON 2 (LEC2),1267,2234,1.763 
1236,AT3G55080.1,SET / PcG,,2942,5185,1.762 
331,AT4G04450.1,WRKY,(WRKY42),2052,3615,1.762 
998,AT3G19290.1,bZIP,ABRE BINDING FACTOR 4 (ABF4),1317,2320,1.762 
581,AT3G58780.1,MADS,SHATTERPROOF 1 (SHP1),1210,2129,1.760 
1297,AT4G19660.2,NPR,NPR4,5604,9859,1.759 
766,AT1G06280.1,LOB / AS2,LOB DOMAIN-CONTAINING PROTEIN 2 (LBD2),1303,2289,1.757 
582,AT3G27810.1,MYB,MYB DOMAIN PROTEIN 21 (MYB21),1327,2331,1.757 
1278,AT5G66160.1,ND,RECEPTOR HOMOLOGY REGION TRANSMEMBRANE DOMAIN RING H2 MOTIF PROTEIN 1 (RMR1),4362,7660,1.756 
991,AT1G54390.3,PHD,INHIBITOR OF GROWTH 2 (ING2),1372,2409,1.756 
583,AT5G42520.2,BBR/BPC,BASIC PENTACYSTEINE 6 (BPC6),1393,2443,1.754 
862,AT4G20970.1,bHLH,,1167,2045,1.752 
800,AT3G48590.1,CCAAT-HAP5,"NUCLEAR FACTOR Y, SUBUNIT C1 (NF-YC1)",1730,3031,1.752 
812,AT2G18500.1,OFP,OVATE FAMILY PROTEIN 7 (OFP7),1419,2485,1.751 
309,AT2G44940.1,AP2-EREBP,ETHYLENE-RESPONSIVE TRANSCRIPTION FACTOR 34 (ERF34),1299,2274,1.751 
584,AT1G19700.1,Homeobox,BEL1-LIKE HOMEODOMAIN 10 (BEL10),1261,2207,1.750 
1332,AT5G07690.1,MYB,MYB DOMAIN PROTEIN 29 (MYB29),2052,3590,1.750 
904,AT4G09820.1,bHLH,TRANSPARENT TESTA 8 (TT8),1448,2532,1.749 
585,AT1G76420.1,NAC,CUP SHAPED COTYLEDON3 (CUC3),1235,2159,1.748 
966,AT3G51080.1,C2C2-Gata,GATA TRANSCRIPTION FACTOR 6 (GATA6),1241,2169,1.748 
586,AT4G34530.1,bHLH,CRYPTOCHROME-INTERACTING BASIC-HELIX-LOOP-HELIX 1 (CIB1),1259,2200,1.747 
213,AT4G25470.1,AP2-EREBP,C-REPEAT/DRE BINDING FACTOR 2 (CBF2),1396,2437,1.746 
880,AT1G49120.1,AP2-EREBP,CYTOKININ RESPONSE FACTOR 9 (CRF9),1237,2159,1.745 
587,AT4G09100.1,ND,ARABIDOPSIS T??XICOS EN LEVADURA 39 (ATL39),1185,2068,1.745 
588,AT3G55370.1,C2C2-Dof,OBF-BINDING PROTEIN 3 (OBP3),1360,2373,1.745 
218,AT4G18880.1,HSF,HEAT SHOCK TRANSCRIPTION FACTOR A4A (HSF A4A),1895,3305,1.744 
863,AT4G24240.1,"WRKY a,b,c",WRKY DNA-BINDING PROTEIN 7 (WRKY7),1314,2291,1.744 
875,AT3G19580.1,C2H2,ZINC-FINGER PROTEIN 2 (ZF2),1136,1979,1.742 
120,AT1G60250.1,Orphans,B-BOX DOMAIN PROTEIN 26 (BBX26),3133,5457,1.742 
963,AT2G30130.1,LOB a / AS2 b,(ASL5),1230,2142,1.741 
589,AT5G39820.1,NAC,NAC DOMAIN CONTAINING PROTEIN 94 (NAC094),1312,2284,1.741 
590,AT1G62360.1,Homeobox,SHOOT MERISTEMLESS (STM),1171,2037,1.740 
928,AT4G33880.1,bHLH,ROOT HAIR DEFECTIVE 6-LIKE 2 (RSL2),1208,2100,1.738 
243,AT2G37260.1,WRKY,TRANSPARENT TESTA GLABRA 2 (TTG2),1242,2158,1.738 
978,AT3G03550.1,C3H,ARABIDOPSIS T??XICOS EN LEVADURA 51 (ATL51),1278,2220,1.737 
591,AT1G17590.1,CCAAT-HAP2,"NUCLEAR FACTOR Y, SUBUNIT A8 (NF-YA8)",1197,2079,1.737 
287,AT3G56770.1,bHLH,,1226,2129,1.737 
265,AT3G17730.1,NAC,NAC DOMAIN CONTAINING PROTEIN 57 (NAC057),1286,2233,1.736 
592,AT4G39250.1,MYB-related,RAD-LIKE 1 (RL1),1198,2078,1.735 
901,AT1G23810.1,Orphans,,1117,1937,1.734 
944,AT4G31660.1,REM,,1174,2035,1.733 
211,AT2G42360.1,C3H,ARABIDOPSIS T??XICOS EN LEVADURA 41 (ATL41),3367,5836,1.733 
593,AT1G32700.1,PLATZ,,1302,2256,1.733 
1258,AT1G14030.1,SET / PcG,LYSINE METHYLTRANSFERASE (LSMT)-LIKE (LSMT-L),1918,3323,1.733 
594,AT5G39810.2,MADS,,2077,3595,1.731 
930,AT5G61620.1,"MYB-related a,b",,1109,1919,1.730 
206,AT5G42780.1,ZF-HD,HOMEOBOX PROTEIN 27 (HB27),1514,2618,1.729 
822,AT3G25790.1,G2-like,HRS1 HOMOLOGUE 1 (HHO1),1360,2349,1.727 
887,AT4G36060.2,"bHLH a,b",BASIC HELIX-LOOP-HELIX 11 (bHLH11),1201,2074,1.727 
595,AT3G18550.1,TCP,BRANCHED 1 (BRC1),1340,2314,1.727 
181,AT3G47870.1,LOB / AS2,LOB DOMAIN-CONTAINING PROTEIN 27 (LBD27),1816,3135,1.726 
839,AT2G22840.1,GRF,GROWTH-REGULATING FACTOR 1 (GRF1),1228,2119,1.726 
917,AT5G26170.1,WRKY,WRKY DNA-BINDING PROTEIN 50 (WRKY50),1192,2056,1.725 
908,AT1G68880.1,bZIP,BASIC LEUCINE-ZIPPER 8 (bZIP),1216,2097,1.725 
596,AT3G15210.1,AP2-EREBP,ETHYLENE RESPONSIVE ELEMENT BINDING FACTOR 4 (ERF4),1203,2074,1.724 
597,AT4G36740.1,Homeobox,HOMEOBOX PROTEIN 40 (HB40),2121,3655,1.723 
212,AT3G06380.1,TUB,TUBBY-LIKE PROTEIN 9 (TLP9),1120,1930,1.723 
598,AT1G70510.1,Homeobox,KNOTTED-LIKE FROM ARABIDOPSIS THALIANA 2 (KNAT2),1263,2176,1.723 
946,AT5G52230.1,ND,METHYL-CPG-BINDING DOMAIN PROTEIN 13 (MBD13),1165,2007,1.723 
235,AT2G41835.1,C2H2,,1272,2191,1.722 
599,AT2G40740.1,WRKY,WRKY DNA-BINDING PROTEIN 55 (WRKY55),1178,2029,1.722 
1212,AT2G28450.1,"C3H a,b",TRNA METHYLTRANSFERASE 2B (TRM2B),2315,3987,1.722 
236,AT3G15030.1,TCP,TCP FAMILY TRANSCRIPTION FACTOR 4 (TCP4),1526,2624,1.720 
842,AT1G56170.1,CCAAT-HAP5,"NUCLEAR FACTOR Y, SUBUNIT C2 (NF-YC2)",2371,4077,1.720 
828,AT4G27330.1,NOZZLE,SPOROCYTELESS (SPL),1312,2255,1.719 
251,AT5G53420.1,Orphans,"CONSTANS, CO-LIKE AND TOC1 MOTIF; (CCT101)",1251,2150,1.719 
600,AT1G64105.1,NAC,NAC DOMAIN CONTAINING PROTEIN 27 (NAC027),1313,2255,1.717 
601,AT5G50320.1,GNAT,ELONGATA 3 (ELO3),4562,7831,1.717 
602,AT1G80590.1,WRKY,WRKY DNA-BINDING PROTEIN 66 (WRKY66),1260,2162,1.716 
603,AT1G24590.1,AP2-EREBP,DORNROSCHEN-LIKE (DRNL),1219,2091,1.715 
1175,AT3G21150.1,C2C2-CO-like,B-BOX DOMAIN PROTEIN 32 (BBX32),2925,5017,1.715 
604,AT2G22540.1,MADS,SHORT VEGETATIVE PHASE (SVP),1166,1998,1.714 
605,AT2G34830.1,"WRKY a,b,c",WRKY DNA-BINDING PROTEIN 35 (WRKY35),1341,2297,1.713 
999,AT3G06490.1,MYB,MYB DOMAIN PROTEIN 108 (MYB108),1180,2021,1.713 
606,AT4G14720.1,ZIM,PEAPOD 2 (PPD2),1196,2047,1.712 
607,AT5G10380.1,C3H,(RING1),1434,2454,1.711 
1159,AT1G67030.1,C2H2,ZINC FINGER PROTEIN 6 (ZFP6),2622,4486,1.711 
857,AT4G39070.1,Orphans,BZS1 (BZS1),1386,2371,1.711 
1049,AT1G75340.1,C3H,,1208,2065,1.709 
988,AT4G22680.1,MYB,MYB DOMAIN PROTEIN 85 (MYB85),1070,1829,1.709 
855,AT2G26960.1,MYB,MYB DOMAIN PROTEIN 81 (MYB81),1162,1986,1.709 
229,AT5G24800.1,bZIP,BASIC LEUCINE ZIPPER 9 (BZIP9),1402,2396,1.709 
957,AT2G28610.1,Homeobox,PRESSED FLOWER (PRS),1351,2307,1.708 
608,AT4G38910.2,BBR/BPC,BASIC PENTACYSTEINE 5 (BPC5),1234,2106,1.707 
609,AT1G72210.1,bHLH,(BHLH096),1283,2188,1.705 
610,AT4G37610.1,TAZ,BTB AND TAZ DOMAIN PROTEIN 5 (bt5),1393,2375,1.705 
348,AT4G39070.1,Orphans,BZS1 (BZS1),2947,5024,1.705 
1041,AT2G20825.1,ULT,ULTRAPETALA 2 (ULT2),1450,2471,1.704 
182,AT1G17310.1,MADS,AGAMOUS-LIKE 100 (AGL100),1215,2069,1.703 
886,AT1G02065.1,SBP,SQUAMOSA PROMOTER BINDING PROTEIN-LIKE 8 (SPL8),1142,1944,1.702 
611,AT2G31730.1,bHLH,,1250,2126,1.701 
1268,AT3G61830.1,ARF,AUXIN RESPONSE FACTOR 18 (ARF18),2080,3534,1.699 
149,AT2G18350.1,ZF-HD,HOMEOBOX PROTEIN 24 (HB24),1434,2436,1.699 
1009,AT5G43650.1,bHLH,(BHLH92),1292,2194,1.698 
953,AT5G43990.5,SET a / PcG b,(SUVR2),1202,2041,1.698 
199,AT5G60970.1,TCP,"TEOSINTE BRANCHED 1, CYCLOIDEA AND PCF TRANSCRIPTION FACTOR 5 (TCP5)",1447,2457,1.698 
169,AT4G36860.1,LIM,DA1-RELATED PROTEIN 1 (DAR1),2068,3511,1.698 
612,AT5G07580.1,AP2-EREBP,(ERF106),1270,2156,1.698 
613,AT1G24210.1,Orphans a,,1777,3016,1.697 
1275,AT5G07310.1,AP2-EREBP,ETHYLENE RESPONSE FACTOR 115 (ERF115),1742,2955,1.696 
941,AT1G50600.1,GRAS,SCARECROW-LIKE 5 (SCL5),1262,2140,1.696 
614,AT1G68130.1,C2H2,INDETERMINATE(ID)-DOMAIN 14 (IDD14),1285,2179,1.696 
1006,AT1G18760.1,C3H,,1238,2099,1.695 
278,AT3G19184.1,REM,(REM1),1228,2082,1.695 
615,AT3G23210.1,bHLH,BASIC HELIX-LOOP-HELIX 34 (bHLH34),1244,2109,1.695 
616,AT1G44810.1,GeBP,GEBP-LIKE 4 (GPL4),1273,2158,1.695 
617,AT2G34620.1,mTERF,(MTERF10),1315,2228,1.694 
866,AT2G42400.1,VOZ-9,VASCULAR PLANT ONE ZINC FINGER PROTEIN 2 (VOZ2),1193,2021,1.694 
353,AT4G30935.1,WRKY,WRKY DNA-BINDING PROTEIN 32 (WRKY32),1348,2283,1.694 
618,AT2G34450.1,HMG,,1306,2211,1.693 
347,AT2G39900.1,LIM,WLIM2A (WLIM2a),1429,2418,1.692 
910,AT3G15790.1,ND,METHYL-CPG-BINDING DOMAIN 11 (MBD11),1159,1961,1.692 
1405,AT5G22260.1,PHD,MALE STERILITY 1 (MS1),2933,4962,1.692 
817,AT5G66700.1,"HB a,b,c",HOMEOBOX 53 (HB53),1339,2265,1.692 
619,AT2G21320.1,C2C2-CO-like,B-BOX DOMAIN PROTEIN 18 (BBX18),1261,2133,1.692 
853,AT5G44160.1,C2H2,NUTCRACKER (NUC),1253,2119,1.691 
620,AT2G21240.1,BBR/BPC,BASIC PENTACYSTEINE 4 (BPC4),1146,1938,1.691 
621,AT1G69030.1,BSD,,1233,2083,1.689 
622,AT5G06420.1,C3H,,1249,2110,1.689 
623,AT4G14713.1,ZIM,PEAPOD 1 (PPD1),1219,2058,1.688 
324,AT5G25470.1,ABI3-VP1,,1549,2615,1.688 
1005,AT1G12610.1,AP2-EREBP,DWARF AND DELAYED FLOWERING 1 (DDF1),1285,2168,1.687 
1014,AT1G51970.1,REM(B3) d,,1272,2145,1.686 
940,AT4G38900.2,bZIP,BASIC LEUCINE-ZIPPER 29 (BZIP29),1148,1935,1.686 
624,AT1G54160.1,CCAAT-HAP2,"NUCLEAR FACTOR Y, SUBUNIT A5 (NF-YA5)",1176,1980,1.684 
959,AT1G24190.2,Orphans a,SIN3-LIKE 3 (SNL3),1105,1860,1.683 
233,AT5G54640.1,CCAAT,(ATHTA1),1278,2151,1.683 
625,AT1G44830.1,AP2-EREBP,ERF TRANSCRIPTION FACTOR 14 (ERF014),1756,2955,1.683 
923,AT5G16540.1,C2H2,ZINC FINGER NUCLEASE 3 (ZFN3),1190,2002,1.682 
961,AT5G54470.1,Orphans a,B-BOX DOMAIN PROTEIN 29 (BBX29),1219,2049,1.681 
974,AT4G23750.1,AP2-EREBP,CYTOKININ RESPONSE FACTOR 2 (CRF2),1293,2173,1.681 
222,AT5G39750.1,MADS,AGAMOUS-LIKE 81 (AGL81),1421,2388,1.681 
626,AT5G49420.1,MADS,AGAMOUS-LIKE 84 (AGL84),1245,2092,1.680 
276,AT1G48150.1,MADS,AGAMOUS-LIKE 74 (AGL74),1196,2009,1.680 
627,AT4G37540.1,LOB / AS2,LOB DOMAIN-CONTAINING PROTEIN 39 (LBD39),1473,2474,1.680 
197,AT2G03890.1,MYB,PHOSPHOINOSITIDE 4-KINASE GAMMA 7 (PI4K GAMMA 7),1791,3007,1.679 
628,AT1G27740.1,bHLH,ROOT HAIR DEFECTIVE 6-LIKE 4 (RSL4),1280,2149,1.679 
629,AT3G54610.1,GNAT,HISTONE ACETYLTRANSFERASE OF THE GNAT FAMILY 1 (HAG1),1250,2096,1.677 
630,AT1G32070.1,GNAT a,NUCLEAR SHUTTLE INTERACTING (NSI),2007,3365,1.677 
631,AT2G39030.1,GNAT a,N-ACETYLTRANSFERASE ACTIVITY 1 (NATA1),2006,3363,1.676 
632,AT4G28030.1,GNAT a,GCN5‐RELATED N‐ACETYLTRANSFERASE 7 (GNAT7),1731,2901,1.676 
249,AT5G50470.1,CCAAT-HAP5,"NUCLEAR FACTOR Y, SUBUNIT C7 (NF-YC7)",1482,2483,1.675 
633,AT4G34680.1,C2C2-Gata,GATA TRANSCRIPTION FACTOR 3 (GATA3),1182,1980,1.675 
1192,AT1G30490.1,"HB a,b",PHAVOLUTA (PHV),2393,4008,1.675 
891,AT2G02160.1,"C3H a,b",(ATC3H17),1177,1971,1.675 
890,AT1G24230.1,Orphans,,1206,2017,1.672 
634,AT2G01940.1,C2H2,SHOOT GRAVITROPISM 5 (SGR5),1253,2094,1.671 
635,AT3G55770.1,LIM,WLIM2B (WLIM2b),1211,2023,1.671 
270,AT3G03760.1,LOB / AS2,LOB DOMAIN-CONTAINING PROTEIN 20 (LBD20),1243,2076,1.670 
636,AT1G21910.1,AP2-EREBP,DEHYDRATION RESPONSE ELEMENT-BINDING PROTEIN 26 (DREB26),1923,3211,1.670 
980,AT5G57390.1,AP2-EREBP,AINTEGUMENTA-LIKE 5 (AIL5),1224,2043,1.669 
209,AT3G23140.1,C2H2,UPRIGHT ROSETTE (URO),1232,2055,1.668 
977,AT1G77300.1,SET / PcG,EARLY FLOWERING IN SHORT DAYS (EFS),1306,2178,1.668 
293,AT2G32030.1,GNAT,,1319,2199,1.667 
1096,AT1G55520.1,ND,TATA BINDING PROTEIN 2 (TBP2),3817,6363,1.667 
637,AT5G65910.1,BSD,,1180,1967,1.667 
638,AT5G57420.1,AUX-IAA,INDOLE-3-ACETIC ACID INDUCIBLE 33 (IAA33),1279,2132,1.667 
1229,AT1G54140.1,ND,TATA BINDING PROTEIN ASSOCIATED FACTOR 21KDA SUBUNIT (TAFII21),1972,3287,1.667 
813,AT3G56980.1,bHLH,BASIC HELIX-LOOP-HELIX 39 (BHLH39),1460,2433,1.666 
639,AT2G22800.1,Homeobox,(HAT9),1238,2063,1.666 
870,AT5G66940.1,C2C2-Dof,(ATDOF5.8),1265,2105,1.664 
640,AT3G12130.1,C3H,(KHZ1),1204,2003,1.664 
641,AT1G63030.1,AP2-EREBP,DWARF AND DELAYED FLOWERING 2 (ddf2),1171,1948,1.664 
642,AT5G53660.1,GRF,GROWTH-REGULATING FACTOR 7 (GRF7),4234,7043,1.663 
337,AT4G02590.1,bHLH,UNFERTILIZED EMBRYO SAC 12 (UNE12),1337,2224,1.663 
1230,AT5G55690.1,MADS,AGAMOUS-LIKE 47 (AGL47),2561,4260,1.663 
1054,AT1G74840.1,MYB-related,,1172,1949,1.663 
1027,AT3G21270.1,C2C2-Dof,DOF ZINC FINGER PROTEIN 2 (DOF2),1400,2328,1.663 
915,AT2G42280.1,bHLH,FLOWERING BHLH 4 (FBH4),1121,1860,1.659 
134,AT1G60880.1,MADS,AGAMOUS-LIKE-56 (AGL56),4308,7146,1.659 
939,AT4G17880.1,bHLH,(MYC4),1176,1949,1.657 
1401,AT1G45249.1,bZIP,(AtABF2),3241,5371,1.657 
643,AT1G25550.1,G2-like,HRS1 HOMOLOG3 (HHO3),1297,2149,1.657 
644,AT1G63040.1,AP2-EREBP,,1177,1950,1.657 
645,AT5G65080.1,MADS,MADS AFFECTING FLOWERING 5 (MAF5),1203,1993,1.657 
1184,AT1G75250.1,MYB-related,RAD-LIKE 6 (RL6),2889,4784,1.656 
995,AT3G01600.1,NAC,NAC DOMAIN CONTAINING PROTEIN 44 (NAC044),1341,2218,1.654 
646,AT3G24520.1,HSF,HEAT SHOCK TRANSCRIPTION FACTOR C1 (HSFC1),1283,2122,1.654 
1018,AT4G37850.1,"bHLH a,b",,1303,2155,1.654 
1008,AT5G07900.1,mTERF,(MTERF7),1170,1935,1.654 
647,AT2G04240.1,C3H,(XERICO),1358,2245,1.653 
224,AT4G00416.1,ND,METHYL-CPG-BINDING DOMAIN 3 (MBD3),1178,1947,1.653 
1256,AT1G51200.1,zf-AN1,,1693,2797,1.652 
648,AT1G22810.1,AP2-EREBP,(ATERF019),1414,2336,1.652 
1474,AT5G02840.1,MYB-related,LHY/CCA1-LIKE 1 (LCL1),4877,8057,1.652 
342,AT4G00180.1,C2C2-YABBY,YABBY3 (YAB3),1567,2587,1.651 
288,AT4G17900.1,PLATZ,(PLATZ11),1311,2164,1.651 
316,AT3G14700.1,SART-1,,1382,2281,1.651 
964,AT3G49760.1,bZIP,BASIC LEUCINE-ZIPPER 5 (bZIP5),1532,2528,1.650 
649,AT1G31210.1,TCP,,1427,2354,1.650 
858,AT5G27130.1,"MADS a,b",AGAMOUS-LIKE 39 (AGL39),1190,1963,1.650 
246,AT1G63840.1,C3H,,1509,2488,1.649 
650,AT1G51700.1,C2C2-Dof,DOF ZINC FINGER PROTEIN 1 (DOF1),1261,2079,1.649 
359,AT2G46770.1,NAC,EMBRYO DEFECTIVE 2301 (EMB2301),1422,2343,1.648 
651,AT5G25220.1,Homeobox,KNOTTED1-LIKE HOMEOBOX GENE 3 (KNAT3),1194,1967,1.647 
1369,AT5G18240.2,G2-like,MYB-RELATED PROTEIN 1 (MYR1),1814,2988,1.647 
1048,AT3G49930.1,C2H2,,1317,2169,1.647 
205,AT1G02030.1,C2H2,,1363,2243,1.646 
874,AT3G29035.1,NAC,NAC DOMAIN CONTAINING PROTEIN 3 (NAC3),1410,2320,1.645 
220,AT4G36240.1,C2C2-Gata,GATA TRANSCRIPTION FACTOR 7 (GATA7),1172,1928,1.645 
652,AT2G21900.1,WRKY,WRKY DNA-BINDING PROTEIN 59 (WRKY59),1404,2309,1.645 
934,AT3G45260.1,C2H2,BALDIBIS (BIB),1255,2063,1.644 
960,AT1G32770.1,NAC,NAC DOMAIN CONTAINING PROTEIN 12 (NAC012),1228,2016,1.642 
1012,AT5G43250.1,CCAAT-HAP5,"NUCLEAR FACTOR Y, SUBUNIT C13 (NF-YC13)",1225,2011,1.642 
653,AT5G57180.2,C2C2-CO-like,CHLOROPLAST IMPORT APPARATUS 2 (CIA2),1229,2017,1.641 
654,AT1G04250.1,AUX-IAA,AUXIN RESISTANT 3 (AXR3),1220,2002,1.641 
1038,AT5G65080.1,MADS,MADS AFFECTING FLOWERING 5 (MAF5),1362,2235,1.641 
1177,AT1G21450.1,GRAS,SCARECROW-LIKE 1 (SCL1),1846,3027,1.640 
1010,AT4G26640.2,"WRKY a,b,c",(WRKY20),1167,1913,1.639 
655,AT1G04100.1,AUX-IAA,INDOLEACETIC ACID-INDUCED PROTEIN 10 (IAA10),1287,2106,1.636 
1003,AT3G21810.1,C3H,,1240,2029,1.636 
148,AT5G14000.1,NAC,NAC DOMAIN CONTAINING PROTEIN 84 (NAC084),1911,3126,1.636 
987,AT5G60142.1,ABI3-VP1,,1411,2308,1.636 
932,AT2G20570.1,G2-like,GBF'S PRO-RICH REGION-INTERACTING FACTOR 1 (GPRI1),1292,2113,1.635 
985,AT2G04740.1,TRAF a,,1241,2029,1.635 
656,AT4G13040.1,AP2-EREBP,APETALA 2 FAMILY PROTEIN INVOLVED IN SA MEDIATED DISEASE DEFENSE 1 (APD1),1240,2027,1.635 
299,AT4G23860.1,PHD,,1374,2245,1.634 
979,AT3G17010.1,ABI3VP1,REPRODUCTIVE MERISTEM 22 (REM22),1401,2289,1.634 
843,AT4G01250.1,WRKY,(WRKY22),1359,2220,1.634 
657,AT1G68190.1,C2C2-CO-like,B-BOX DOMAIN PROTEIN 27 (BBX27),1378,2251,1.634 
268,AT5G41570.1,WRKY,WRKY DNA-BINDING PROTEIN 24 (WRKY24),1247,2037,1.634 
658,AT3G01220.1,Homeobox,HOMEOBOX PROTEIN 20 (HB20),1241,2027,1.633 
989,AT5G12980.1,RCD1-like,(NOT9B),1371,2238,1.632 
659,AT2G33720.1,REM(B3),,1277,2084,1.632 
307,AT1G26945.1,ND,KIDARI (KDR),1338,2183,1.632 
351,AT5G52020.1,AP2-EREBP,,1297,2115,1.631 
907,AT3G22100.1,bHLH,,1237,2017,1.631 
660,AT3G42860.1,zf-GRF,,1266,2063,1.630 
983,AT3G10030.1,Trihelix,,1409,2295,1.629 
852,AT2G47620.1,MYB-related / SWIRM,SWITCH/SUCROSE NONFERMENTING 3A (SWI3A),1272,2071,1.628 
1033,AT5G63080.1,"JUMONJI a,b",JUMONJI DOMAIN-CONTAINING PROTEIN 20 (JMJ20),1261,2050,1.626 
864,AT5G22240.1,OFP,(OFP10),1247,2026,1.625 
903,AT2G30432.1,MYB-related,TRICHOMELESS1 (TCL1),1215,1974,1.625 
661,AT2G02080.1,"C2H2 a,b,c",INDETERMINATE(ID)-DOMAIN 4 (IDD4),1481,2406,1.625 
662,AT1G01640.1,TRAF,,1278,2076,1.624 
245,AT2G34440.1,MADS,AGAMOUS-LIKE 29 (AGL29),1327,2155,1.624 
1001,AT1G68200.1,C3H,CALLOSE DEFECTIVE MICROSPORE1 (CDM1),1688,2740,1.623 
257,AT5G47370.1,Homeobox,(HAT2),1348,2188,1.623 
1347,AT5G23405.1,HMG,,5774,9368,1.622 
935,AT2G22200.1,AP2-EREBP,,1371,2224,1.622 
341,AT4G13980.1,HSF,(AT-HSFA5),1341,2175,1.622 
945,AT5G06550.1,JUMONJI,JUMONJI DOMAIN-CONTAINING PROTEIN 22 (JMJ22),1290,2091,1.621 
663,AT3G27010.1,TCP,"TEOSINTE BRANCHED 1, CYCLOIDEA, PCF (TCP)-DOMAIN FAMILY PROTEIN 20 (TCP20)",1590,2576,1.620 
664,AT2G02470.2,Alfin-like,ALFIN-LIKE 6 (AL6),1237,2003,1.619 
665,AT2G18490.1,C2H2,GA- AND ABA-RESPONSIVE ZINC FINGER (GAZ),1176,1904,1.619 
666,AT1G31140.2,MADS,GORDITA (GOA),1483,2401,1.619 
667,AT3G23220.1,"AP2-EREBP a,b,c",ETHYLENE AND SALT INDUCIBLE 1 (ESE1),1421,2299,1.618 
279,AT1G10200.1,LIM,WLIM1 (WLIM1),1274,2060,1.617 
948,AT5G46760.1,bHLH,(MYC3),1277,2062,1.615 
783,AT5G60140.1,"ABI3-VP1 a,b",(REM11),1601,2585,1.615 
668,AT3G06590.1,bHLH,ATBS1 INTERACTING FACTOR 2 (AIF2),2073,3347,1.615 
263,AT4G35550.1,Homeobox,WUSCHEL RELATED HOMEOBOX 13 (WOX13),1298,2095,1.614 
913,AT1G02220.1,NAC,NAC DOMAIN CONTAINING PROTEIN 3 (NAC003),1221,1970,1.613 
669,AT2G36050.1,OFP,OVATE FAMILY PROTEIN 15 (OFP15),1270,2049,1.613 
277,AT2G25620.1,DBP,DNA-BINDING PROTEIN PHOSPHATASE 1 (DBP1),1339,2160,1.613 
1062,AT3G10000.1,Trihelix,EMBRYO SAC DEVELOPMENT ARREST 31 (EDA31),1407,2269,1.613 
160,AT1G60920.1,MADS ,AGAMOUS-LIKE 55 (agl55),2486,4007,1.612 
670,AT4G21610.1,zf-LSD1,LSD ONE LIKE 2 (LOL2),1228,1978,1.611 
671,AT2G22770.1,bHLH,(NAI1),1224,1971,1.610 
672,AT5G47220.1,AP2-EREBP,ETHYLENE RESPONSIVE ELEMENT BINDING FACTOR 2 (ERF2),1236,1990,1.610 
673,AT1G64000.1,WRKY,WRKY DNA-BINDING PROTEIN 56 (WRKY56),1318,2121,1.609 
942,AT2G38090.1,MYB,,1238,1992,1.609 
329,AT1G21970.1,CCAAT-HAP3,LEAFY COTYLEDON 1 (LEC1),1477,2376,1.609 
674,AT3G45150.1,TCP,TCP DOMAIN PROTEIN 16 (TCP16),1305,2099,1.608 
1036,AT5G08130.2,bHLH,BES1-INTERACTING MYC-LIKE1 (BIM1),1308,2103,1.608 
302,AT1G14920.1,GRAS,GIBBERELLIC ACID INSENSITIVE (GAI),1234,1982,1.606 
675,AT2G39880.1,MYB,MYB DOMAIN PROTEIN 25 (MYB25),1233,1980,1.606 
223,AT3G50650.1,GRAS,,1934,3103,1.604 
883,AT4G37780.1,MYB,MYB DOMAIN PROTEIN 87 (MYB87),1258,2018,1.604 
300,AT3G25890.1,AP2-EREBP,CYTOKININ RESPONSE FACTOR 11 (CRF11),2291,3672,1.603 
250,AT3G24050.1,C2C2-GATA,GATA TRANSCRIPTION FACTOR 1 (GATA1),1349,2162,1.603 
232,AT4G25560.1,MYB,LONG AFTER FAR-RED LIGHT 1 (LAF1),1238,1984,1.603 
1002,AT5G50010.1,bHLH,(SACL2),1340,2146,1.601 
1068,AT5G03720.1,HSF,HEAT SHOCK TRANSCRIPTION FACTOR A3 (HSFA3),1231,1971,1.601 
676,AT2G40340.1,AP2-EREBP,(DREB2C),1408,2253,1.600 
254,AT1G03840.1,C2H2,MAGPIE (MGP),1270,2032,1.600 
816,AT1G66810.1,C3H,(ATC3H14),1236,1975,1.598 
1216,AT5G05610.1,Alfin-like,ALFIN-LIKE 1 (AL1),2188,3496,1.598 
677,AT1G03350.1,BSD,,1200,1917,1.598 
312,AT3G15510.1,NAC,NAC DOMAIN CONTAINING PROTEIN 2 (NAC2),1355,2163,1.596 
1255,AT1G06180.1,MYB,MYB DOMAIN PROTEIN 13 (MYB13),2106,3358,1.594 
943,AT1G30500.2,CCAAT-HAP2,"NUCLEAR FACTOR Y, SUBUNIT A7 (NF-YA7)",1307,2083,1.594 
981,AT2G27050.1,"EIL a,b",ETHYLENE-INSENSITIVE3-LIKE 1 (EIL1),1245,1984,1.594 
861,AT5G60120.1,AP2-EREBP,TARGET OF EARLY ACTIVATION TAGGED (EAT) 2 (TOE2),1262,2011,1.594 
290,AT5G65790.1,MYB,MYB DOMAIN PROTEIN 68 (MYB68),1372,2185,1.593 
678,AT3G56850.1,bZIP,ABA-RESPONSIVE ELEMENT BINDING PROTEIN 3 (AREB3),1318,2099,1.593 
90,AT1G80580.1,AP2-EREBP,,6790,10809,1.592 
261,AT1G14900.1,ND,HIGH MOBILITY GROUP A (HMGA),1285,2045,1.591 
304,AT2G35605.1,SWI/SNF-BAF60b,(SWIB6),1463,2328,1.591 
330,AT3G28917.1,zf-HD,MINI ZINC FINGER 2 (MIF2),1283,2041,1.591 
1052,AT3G51470.1,DBP,,1454,2313,1.591 
679,AT3G57040.1,Orphans,RESPONSE REGULATOR 9 (ARR9),1319,2098,1.591 
1030,AT4G17490.1,"AP2-EREBP a,b,c",ETHYLENE RESPONSIVE ELEMENT BINDING FACTOR 6 (ERF6),1239,1970,1.590 
993,AT5G12330.1,C2H2,LATERAL ROOT PRIMORDIUM 1 (LRP1),1329,2113,1.590 
296,AT3G44750.1,C2H2,HISTONE DEACETYLASE 3 (HDA3),1356,2155,1.589 
680,AT5G01160.1,C2H2,(HAKAI),1369,2175,1.589 
328,AT5G35550.1,MYB,TRANSPARENT TESTA 2 (TT2),1248,1982,1.588 
832,AT1G74930.1,AP2-EREBP,(ORA47),1266,2010,1.588 
851,AT1G60040.1,MADS,AGAMOUS-LIKE 49 (AGL49),1330,2111,1.587 
285,AT3G58070.1,C2H2,GLABROUS INFLORESCENCE STEMS (GIS),1315,2087,1.587 
1382,AT4G31800.1,WRKY,WRKY18,3423,5432,1.587 
884,AT1G26610.1,C2H2,,1343,2131,1.587 
893,AT4G31920.1,"ARR-B a,b",RESPONSE REGULATOR 10 (RR10),1372,2177,1.587 
811,AT5G14170.1,SWI/SNF-BAF60b,(CHC1),1351,2143,1.586 
681,AT1G62300.1,WRKY,(WRKY6),1198,1900,1.586 
1039,AT2G28710.1,C2H2,,1361,2156,1.584 
191,AT1G15360.1,AP2-EREBP,SHINE 1 (SHN1),1534,2428,1.583 
196,AT5G04340.1,C2H2,ZINC FINGER OF ARABIDOPSIS THALIANA 6 (ZAT6),1088,1722,1.583 
1026,AT2G35700.1,AP2-EREBP,ERF FAMILY PROTEIN 38 (ERF38),1311,2074,1.582 
1020,AT1G18570.1,MYB,MYB DOMAIN PROTEIN 51 (MYB51),1267,2004,1.582 
682,AT2G23320.1,WRKY,WRKY DNA-BINDING PROTEIN 15 (WRKY15),1208,1910,1.581 
949,AT1G55950.1,GeBP,,1231,1946,1.581 
683,AT5G15850.1,C2C2-CO-like,CONSTANS-LIKE 1 (COL1),1320,2086,1.580 
200,AT2G46990.1,AUX-IAA,INDOLE-3-ACETIC ACID INDUCIBLE 20 (IAA20),1784,2819,1.580 
1188,AT1G78080.1,AP2-EREBP,RELATED TO AP2 4 (RAP2.4),1856,2932,1.580 
684,AT1G19000.1,MYB-related,,1301,2055,1.580 
318,AT3G23250.1,MYB,MYB DOMAIN PROTEIN 15 (ATMYB15),1371,2163,1.578 
970,AT2G42380.2,bZIP,(BZIP34),1250,1972,1.578 
1277,AT5G04410.1,NAC,NAC DOMAIN CONTAINING PROTEIN 2 (NAC2),1893,2984,1.576 
996,AT5G18000.1,"ABI3-VP1 a,b",VERDANDI (VDD),1265,1993,1.575 
685,AT2G48100.1,C2H2,,1297,2043,1.575 
962,AT5G52660.1,MYB-related,REVEILLE 6 (RVE6),1328,2091,1.575 
1274,AT2G33860.1,ARF,ETTIN (ETT),2131,3355,1.574 
686,AT5G48510.1,TRAF,,2087,3285,1.574 
1076,AT2G46310.1,AP2-EREBP,CYTOKININ RESPONSE FACTOR 5 (CRF5),1669,2626,1.573 
291,AT1G50420.1,GRAS,SCARECROW-LIKE 3 (SCL3),1313,2063,1.571 
1361,AT3G12280.1,RB a,RETINOBLASTOMA-RELATED 1 (RBR1),4978,7816,1.570 
975,AT1G66370.1,MYB,MYB DOMAIN PROTEIN 113 (MYB113),1190,1868,1.570 
889,AT3G52910.1,"GRF a,b",GROWTH-REGULATING FACTOR 4 (GRF4),1256,1971,1.569 
240,AT3G57600.1,AP2-EREBP,,3355,5262,1.568 
687,AT2G16770.1,bZIP,(bZIP23),1251,1962,1.568 
918,AT3G15210.1,AP2-EREBP,ETHYLENE RESPONSIVE ELEMENT BINDING FACTOR 4 (ERF4),1189,1864,1.568 
1013,AT2G30590.1,WRKY,WRKY DNA-BINDING PROTEIN 21 (WRKY21),1352,2119,1.567 
350,AT5G42820.1,C3H,(U2AF35B),1440,2256,1.567 
688,AT4G36620.1,C2C2-Gata,GATA TRANSCRIPTION FACTOR 19 (GATA19),1278,2002,1.567 
689,AT2G43000.1,NAC,NAC DOMAIN CONTAINING PROTEIN 42 (NAC042),1254,1964,1.566 
1037,AT2G33880.1,Homeobox,HOMEOBOX-3 (HB-3),1346,2108,1.566 
313,AT3G20910.1,CCAAT-HAP2,"NUCLEAR FACTOR Y, SUBUNIT A9 (NF-YA9)",1319,2065,1.566 
968,AT5G58850.1,MYB,MYB DOMAIN PROTEIN 119 (MYB119),1361,2130,1.565 
1031,AT4G25110.1,PEPTIDASE_C14,METACASPASE 2 (MC2),1317,2061,1.565 
997,AT3G47600.1,MYB,MYB DOMAIN PROTEIN 94 (MYB94),1287,2011,1.563 
803,AT1G80400.1,C3H,,1996,3118,1.562 
690,AT5G23420.1,HMG,HIGH-MOBILITY GROUP BOX 6 (HMGB6),1278,1996,1.562 
1017,AT5G39860.1,bHLH,PACLOBUTRAZOL RESISTANCE1 (PRE1),1391,2172,1.561 
691,AT1G18330.2,MYB-related,EARLY-PHYTOCHROME-RESPONSIVE1 (EPR1),1847,2883,1.561 
1058,AT5G66770.1,GRAS,,1310,2043,1.560 
1029,AT3G24650.1,ABI3VP1,ABA INSENSITIVE 3 (ABI3),1292,2013,1.558 
1016,AT1G14510.1,"ALFIN-like a,b",ALFIN-LIKE 7 (AL7),1343,2090,1.556 
692,AT3G20800.1,RCD1-like,(NOT9A),1740,2707,1.556 
899,AT2G47460.1,MYB,MYB DOMAIN PROTEIN 12 (MYB12),1222,1899,1.554 
339,AT3G43440.1,ZIM,(TIFY3A),1355,2105,1.554 
1395,AT1G79840.1,"HB a,b",GLABRA 2 (GL2),3640,5651,1.552 
326,AT1G71030.1,MYB-related,MYB-LIKE 2 (MYBL2),1421,2206,1.552 
1436,AT1G04370.1,AP2-EREBP,(ERF97),2457,3813,1.552 
693,AT3G21270.1,C2C2-Dof,DOF ZINC FINGER PROTEIN 2 (DOF2),1186,1840,1.551 
1301,AT4G00990.1,"JUMONJI a,b",JMJC DOMAIN-CONTAINING PROTEIN 27 (JMJ27),1635,2536,1.551 
259,AT4G27950.1,AP2-EREBP,CYTOKININ RESPONSE FACTOR 4 (CRF4),1328,2059,1.550 
241,AT5G49450.1,bZIP,BASIC LEUCINE-ZIPPER 1 (bZIP1),1248,1934,1.550 
1337,AT5G51190.1,AP2-EREBP,ETHYLENE RESPONSE FACTOR 105 (ERF105),1794,2778,1.548 
694,AT2G22430.1,Homeobox,HOMEOBOX PROTEIN 6 (HB6),1290,1997,1.548 
695,AT3G23230.1,AP2-EREBP,TRANSCRIPTIONAL REGULATOR OF DEFENSE RESPONSE 1 (TDR1),1351,2090,1.547 
273,AT1G15580.1,AUX-IAA,INDOLE-3-ACETIC ACID INDUCIBLE 5 (IAA5),1441,2228,1.546 
1193,AT4G40060.1,Homeobox,HOMEOBOX PROTEIN 16 (HB16),3158,4881,1.546 
247,AT5G11340.1,GNAT,N-TERMINAL ACETYLTRANSFERASE 50 (NAA50),1374,2121,1.544 
878,AT1G14440.1,"zf-HD a,b",HOMEOBOX PROTEIN 31 (HB31),1301,2008,1.543 
366,AT4G14410.1,bHLH,BASIC HELIX-LOOP-HELIX 104 (bHLH104),1450,2237,1.543 
1311,AT3G10760.1,G2-like,,1788,2758,1.543 
696,AT5G62020.1,HSF,HEAT SHOCK TRANSCRIPTION FACTOR B2A (HSFB2A),1219,1880,1.542 
311,AT5G18300.1,NAC,NAC DOMAIN CONTAINING PROTEIN 88 (NAC088),1299,2002,1.541 
697,AT3G02550.1,LOB / AS2,LOB DOMAIN-CONTAINING PROTEIN 41 (LBD41),1275,1963,1.540 
335,AT5G45420.1,MYB,MEMBRANE ANCHORED MYB (maMYB),1459,2246,1.539 
334,AT5G09790.1,PHD,ARABIDOPSIS TRITHORAX-RELATED PROTEIN 5 (ATXR5),1273,1958,1.538 
1073,AT1G06070.1,bZIP,BASIC LEUCINE-ZIPPER 69 (BZIP69),1634,2513,1.538 
1330,AT2G45680.1,TCP,TCP DOMAIN PROTEIN 9 (TCP9),2827,4347,1.538 
338,AT1G12440.1,zf-AN1,,1364,2092,1.534 
1293,AT1G22590.2,MADS,AGAMOUS-LIKE 87 (AGL87),1676,2570,1.533 
269,AT1G17460.1,MYB-related,TRF-LIKE 3 (TRFL3),1690,2591,1.533 
698,AT3G24820.1,BSD a,,1338,2051,1.533 
1011,AT1G18400.1,bHLH,BR ENHANCED EXPRESSION 1 (BEE1),1324,2028,1.532 
1240,AT1G58100.1,TCP,TCP DOMAIN PROTEIN 8 (TCP8),1561,2390,1.531 
1271,AT3G02940.1,MYB,MYB DOMAIN PROTEIN 107 (MYB107),2292,3509,1.531 
225,AT4G14550.1,AUX-IAA,INDOLE-3-ACETIC ACID INDUCIBLE 14 (IAA14),1373,2098,1.528 
183,AT2G37430.1,C2H2,ZINC FINGER OF ARABIDOPSIS THALIANA 11 (ZAT11),2031,3103,1.528 
1341,AT5G66750.1,SNF2,CHROMATIN REMODELING 1 (CHR1),1555,2375,1.527 
1442,AT1G30810.1,"JUMONJI a,b",JUMONJI DOMAIN-CONTAINING PROTEIN 18 (JMJ18),2534,3868,1.526 
699,AT5G67000.1,"AP2-EREBP a,b,c",,1602,2445,1.526 
1336,AT5G65490.1,SGT1 c,,1825,2782,1.524 
215,AT4G31580.1,ND,RS-CONTAINING ZINC FINGER PROTEIN 22 (RSZ22),1135,1728,1.522 
1042,AT2G32460.1,MYB,MYB DOMAIN PROTEIN 101 (MYB101),1338,2035,1.521 
301,AT5G65320.1,bHLH,,1327,2018,1.521 
700,AT1G66420.1,GeBP,,1489,2261,1.518 
805,AT5G06500.1,MADS ,AGAMOUS-LIKE 96 (AGL96),2037,3092,1.518 
701,AT5G41090.1,"NAC a,b",NAC DOMAIN CONTAINING PROTEIN 95 (NAC095),1511,2289,1.515 
207,AT1G10480.1,C2H2,ZINC FINGER PROTEIN 5 (ZFP5),1283,1940,1.512 
702,AT1G36060.1,AP2-EREBP,TRANSLUCENT GREEN (TG),1210,1829,1.512 
1281,AT1G06850.1,bZIP,BASIC LEUCINE-ZIPPER 52 (bZIP52),1777,2685,1.511 
1053,AT2G18850.1,SET / PcG,,1462,2206,1.509 
365,AT4G35610.1,C2H2,TRANSCRIPTIONAL REPRESSOR OF EIN3-DEPENDENT ETHYLENE-RESPONSE 1 (TREE1),1413,2132,1.509 
1305,AT1G04240.1,AUX-IAA,SHORT HYPOCOTYL 2 (SHY2),2473,3729,1.508 
238,AT5G41030.1,TCP,,1692,2551,1.508 
1195,AT1G12630.1,AP2-EREBP,,1761,2652,1.506 
703,AT3G02860.1,C2H2,ABA AND ROS SENSITIVE 1 (ARS1),1384,2084,1.506 
237,AT4G30980.1,bHLH,LJRHL1-LIKE 2 (LRL2),1211,1823,1.505 
1384,AT5G20730.2,"ARF a,b,c",NON-PHOTOTROPHIC HYPOCOTYL (NPH4),1977,2971,1.503 
1344,AT4G11140.1,AP2-EREBP,CYTOKININ RESPONSE FACTOR 1 (CRF1),3388,5091,1.503 
971,AT2G01818.1,PLATZ,,1236,1857,1.502 
1015,AT3G09290.1,C2H2,TELOMERASE ACTIVATOR1 (TAC1),1330,1998,1.502 
1083,AT3G11200.1,Alfin-like,ALFIN-LIKE 2 (AL2),1780,2674,1.502 
321,AT1G07900.1,LOB / AS2,LOB DOMAIN-CONTAINING PROTEIN 1 (LBD1),1548,2325,1.502 
1354,AT4G36990.1,HSF,HEAT SHOCK FACTOR 4 (HSF4),1696,2547,1.502 
306,AT5G42910.1,bZIP,,1443,2167,1.502 
286,AT5G20900.1,ZIM,JASMONATE-ZIM-DOMAIN PROTEIN 12 (JAZ12),1330,1996,1.501 
284,AT5G43700.1,AUX-IAA,AUXIN INDUCIBLE 2-11 (ATAUX2-11),1345,2018,1.500 
1260,AT1G71130.1,AP2-EREBP,CYTOKININ RESPONSE FACTOR 8 (CRF8),2711,4067,1.500 
336,AT1G21000.1,PLATZ,(PLATZ1),1383,2074,1.500 
315,AT5G63470.1,CCAAT-HAP5,"NUCLEAR FACTOR Y, SUBUNIT C4 (NF-YC4)",1395,2089,1.497 
704,AT1G74890.1,Orphans,RESPONSE REGULATOR 15 (ARR15),1412,2108,1.493 
1333,AT1G59890.2,Orphans a,SIN3-LIKE 5 (SNL5),3028,4520,1.493 
821,AT1G63650.1,"bHLH a,b",ENHANCER OF GLABRA 3 (EGL3),1441,2150,1.492 
705,AT5G19650.1,OFP,OVATE FAMILY PROTEIN 8 (OFP8),1376,2053,1.492 
345,AT4G18020.1,G2-like,(APRR2),1352,2016,1.491 
920,AT5G60100.1,Pseudo ARR-B / C2C2-CO-like,PSEUDO-RESPONSE REGULATOR 3 (PRR3),1357,2023,1.491 
1028,AT3G24310.1,MYB,MYB DOMAIN PROTEIN 305 (MYB305),1259,1876,1.490 
230,AT1G68550.1,AP2-EREBP,CYTOKININ RESPONSE FACTOR 10 (CRF10),1345,2004,1.490 
295,AT1G25340.1,MYB,MYB DOMAIN PROTEIN 116 (MYB116),1777,2647,1.490 
706,AT3G12977.1,NAC a / NAM c,NAC1 LIKE (NAC1L),1803,2684,1.489 
707,AT4G12350.1,MYB,MYB DOMAIN PROTEIN 42 (MYB42),1438,2140,1.488 
708,AT4G34000.1,bZIP,ABSCISIC ACID RESPONSIVE ELEMENTS-BINDING FACTOR 3 (ABF3),1430,2128,1.488 
1046,AT5G62430.1,C2C2-Dof,CYCLING DOF FACTOR 1 (CDF1),1542,2294,1.488 
280,AT3G29035.1,NAC,NAC DOMAIN CONTAINING PROTEIN 3 (NAC3),1284,1910,1.488 
709,AT1G75240.1,ZF-HD,HOMEOBOX PROTEIN 33 (HB33),1435,2132,1.486 
303,AT4G11250.1,MADS,AGAMOUS-LIKE 52 (AGL52),1211,1798,1.485 
1050,AT2G38250.1,Trihelix,,1211,1796,1.483 
193,AT2G20180.2,bHLH,PHYTOCHROME INTERACTING FACTOR 3-LIKE 5 (PIL5),1502,2227,1.483 
710,AT3G21890.1,C2C2-CO-like,B-BOX DOMAIN PROTEIN 31 (BBX31),1293,1917,1.483 
1379,AT2G32030.1,GNAT,,2346,3475,1.481 
809,AT4G31690.2,"ABI3-VP1 a,b",,2145,3177,1.481 
363,AT5G61590.1,AP2-EREBP,DECREASE WAX BIOSYNTHESIS (DEWAX),1503,2226,1.481 
1047,AT3G17860.1,ZIM,JASMONATE-ZIM-DOMAIN PROTEIN 3 (JAZ3),1616,2392,1.480 
1224,AT5G51990.1,AP2-EREBP,C-REPEAT-BINDING FACTOR 4 (CBF4),2874,4247,1.478 
333,AT3G50750.1,BZR,BES1/BZR1 HOMOLOG 1 (BEH1),1446,2136,1.477 
255,AT4G32890.1,C2C2-Gata,GATA TRANSCRIPTION FACTOR 9 (GATA9),1354,2000,1.477 
1032,AT3G50870.1,C2C2-Gata,MONOPOLE (MNP),1343,1983,1.477 
310,AT2G47270.1,bHLH,UPBEAT1 (UPB1),1356,2000,1.475 
266,AT1G65330.1,MADS,PHERES1 (PHE1),1438,2119,1.474 
272,AT1G69120.1,MADS,APETALA1 (AP1),1444,2123,1.470 
346,AT3G02310.1,MADS,SEPALLATA 2 (SEP2),1387,2039,1.470 
1025,AT3G05860.1,"MADS a,b",AGAMOUS-LIKE 45 (AGL45),1277,1874,1.468 
711,AT2G36026.1,OFP,,1773,2599,1.466 
283,AT2G31370.1,bZIP,POSF21 (POSF21),1303,1907,1.464 
317,AT4G24470.1,C2C2-Gata,ZINC-FINGER PROTEIN EXPRESSED IN INFLORESCENCE MERISTEM (ZIM),1358,1985,1.462 
1070,AT2G17560.1,HMG,HIGH MOBILITY GROUP B4 (HMGB4),1283,1875,1.461 
1082,AT5G60850.1,C2C2-Dof,OBF BINDING PROTEIN 4 (OBP4),1726,2515,1.457 
178,AT1G23380.1,Homeobox,KNOTTED1-LIKE HOMEOBOX GENE 6 (KNAT6),1102,1605,1.456 
712,AT5G09250.1,Coactivator p15 a,(KIWI),1198,1743,1.455 
713,AT3G24010.1,"PHD a,b",INHIBITOR OF GROWTH 1 (ING1),1478,2149,1.454 
714,AT2G46670.1,Orphans,,1265,1839,1.454 
360,AT4G25490.1,AP2-EREBP,C-REPEAT/DRE BINDING FACTOR 1 (CBF1),1371,1988,1.450 
1359,AT1G77250.1,PHD,,2421,3504,1.447 
830,AT3G57230.1,MADS,AGAMOUS-LIKE 16 (AGL16),1951,2823,1.447 
308,AT4G16141.1,C2C2-GATA,GATA17-LIKE (GATA17L),1291,1867,1.446 
1056,AT4G12210.1,ND,,1469,2121,1.444 
292,AT2G29580.1,C3H,MOS4-ASSOCIATED COMPLEX SUBUNIT 5B (MAC5B),1259,1817,1.443 
274,AT3G10580.1,MYB-related / MYB,,1282,1846,1.440 
715,AT3G56380.1,Orphans a,RESPONSE REGULATOR 17 (RR17),1406,2019,1.436 
1328,AT3G52250.1,"MYB a,b",POWERDRESS (PWR),2284,3278,1.435 
1043,AT2G04038.1,bZIP,BASIC LEUCINE-ZIPPER 48 (bZIP48),1494,2144,1.435 
1264,AT1G28360.1,AP2-EREBP,ERF DOMAIN PROTEIN 12 (ERF12),2005,2876,1.434 
1284,AT2G36960.1,"MYB-related a,b",TSL-KINASE INTERACTING PROTEIN 1 (TKI1),2705,3880,1.434 
1133,AT4G27900.1,Orphans / C2C2-CO-like,,2137,3065,1.434 
1267,AT2G18090.1,SWI/SNF-BAF60b a / PHD b,,1760,2524,1.434 
1194,AT1G71692.1,MADS,AGAMOUS-LIKE 12 (AGL12),2596,3718,1.432 
217,AT2G16210.1,REM,REPRODUCTIVE MERISTEM 24 (REM24),1788,2559,1.431 
258,AT3G27785.1,MYB,MYB DOMAIN PROTEIN 118 (MYB118),1363,1950,1.431 
1035,AT5G65590.1,C2C2-Dof,STOMATAL CARPENTER 1 (SCAP1),1402,2002,1.428 
1024,AT3G61850.1,C2C2-Dof,DOF AFFECTING GERMINATION 1 (DAG1),1171,1670,1.426 
1287,AT1G77980.1,MADS,AGAMOUS-LIKE 66 (AGL66),1627,2314,1.422 
716,AT3G14230.2,AP2-EREBP,RELATED TO AP2 2 (RAP2.2),1408,1999,1.420 
1075,AT3G55730.1,MYB,MYB DOMAIN PROTEIN 109 (MYB109),1632,2314,1.418 
1381,AT2G34140.1,C2C2-Dof,CYCLING DOF FACTOR 4 (CDF4),1794,2543,1.418 
1306,AT5G64220.1,"CAMTA a,b",CALMODULIN-BINDING TRANSCRIPTION ACTIVATOR 2 (CAMTA2),1932,2738,1.417 
1318,AT1G49480.1,REM,RELATED TO VERNALIZATION1 1 (RTV1),3224,4567,1.417 
320,AT3G22560.1,GNAT,,1291,1828,1.416 
355,AT3G05200.1,ND,ARABIDOPSIS TOXICOS EN LEVADURA 6 (ATL6),1948,2757,1.415 
717,AT4G22070.1,WRKY,WRKY DNA-BINDING PROTEIN 31 (WRKY31),1320,1863,1.411 
357,AT4G09450.1,MYB-related,,1394,1966,1.410 
1084,AT3G49530.1,NAC,NAC DOMAIN CONTAINING PROTEIN 62 (NAC062),1726,2433,1.410 
1257,AT4G01460.1,bHLH,,1813,2552,1.408 
1241,AT2G40140.1,C3H,(CZF1),1543,2171,1.407 
1362,AT5G16470.1,C2H2,METHYLENE BLUE SENSITIVITY 2 (MBS2),1738,2442,1.405 
340,AT3G28857.1,bHLH,PACLOBUTRAZOL RESISTANCE 5 (PRE5),1549,2175,1.404 
356,AT3G23690.1,bHLH,CIB1 LIKE PROTEIN 2 (CIL2),1405,1972,1.404 
1351,AT5G60910.1,MADS,AGAMOUS-LIKE 8 (AGL8),2169,3044,1.403 
1289,AT1G66230.1,MYB,MYB DOMAIN PROTEIN 20 (MYB20),1790,2510,1.402 
718,AT5G58900.1,MYB ,DIVARICATA1 (DIV1),1388,1945,1.401 
297,AT5G03740.1,C2H2,HISTONE DEACETYLASE 2C (HD2C),1242,1740,1.401 
361,AT5G67580.1,MYB-related,(TRB2),1209,1693,1.400 
1360,AT3G54430.1,C2H2,SHI-RELATED SEQUENCE 6 (SRS6),1701,2375,1.396 
1095,AT4G19985.1,GNAT,GCN5‐RELATED N‐ACETYLTRANSFERASE 3 (GNAT3),3316,4629,1.396 
1077,AT3G27920.1,MYB,GLABRA 1 (GL1),1233,1721,1.396 
1060,AT5G06080.1,LOB / AS2,LOB DOMAIN-CONTAINING PROTEIN 33 (LBD33),1645,2293,1.394 
305,AT1G48000.1,MYB,MYB DOMAIN PROTEIN 112 (MYB112),1444,2012,1.393 
1481,AT5G23090.1,CCAAT-DR1,"NUCLEAR FACTOR Y, SUBUNIT B13 (NF-YB13)",4497,6265,1.393 
719,AT1G68810.1,bHLH,ABNORMAL SHOOT 5 (ABS5),2073,2882,1.390 
1111,AT5G15800.1,MADS,SEPALLATA1 (SEP1),2858,3972,1.390 
720,AT4G06634.1,C2H2,YIN YANG 1 (YY1),1413,1961,1.388 
1326,AT2G31070.1,TCP,TCP DOMAIN PROTEIN 10 (tcp10),1759,2440,1.387 
721,AT2G17870.1,CSD,COLD SHOCK DOMAIN PROTEIN 3 (CSP3),1322,1833,1.387 
722,AT1G56650.1,"MYB a,b",PRODUCTION OF ANTHOCYANIN PIGMENT 1 (PAP1),2324,3222,1.386 
723,AT2G33500.2,C2C2-CO-like,B-BOX DOMAIN PROTEIN 12 (BBX12),1412,1954,1.384 
1394,AT1G19490.1,bZIP,BZIP TF 62 (BZIP62),1574,2177,1.383 
1335,AT5G08190.1,CCAAT-DR1,"NUCLEAR FACTOR Y, SUBUNIT B12 (NF-YB12)",3705,5121,1.382 
724,AT1G31040.1,PLATZ,ORESARA15 (ORE15),1407,1943,1.381 
1072,AT3G10480.1,NAC,NAC DOMAIN CONTAINING PROTEIN 50 (NAC050),2022,2788,1.379 
352,AT1G72010.1,TCP,TCP DOMAIN PROTEIN 22 (TCP22),1531,2109,1.378 
1021,AT2G03060.2,MADS,AGAMOUS-LIKE 30 (AGL30),1825,2513,1.377 
1066,AT3G21880.1,C2C2-CO-like,B-BOX DOMAIN PROTEIN 10 (BBX10),1662,2287,1.376 
1085,AT1G75710.1,C2H2,,1232,1695,1.376 
1377,AT4G00050.1,bHLH,UNFERTILIZED EMBRYO SAC 10 (UNE10),4645,6363,1.370 
1302,AT4G02640.2,bZIP,(BZO2H1),1839,2515,1.368 
344,AT4G16610.1,C2H2,,1150,1571,1.366 
1352,AT5G40880.1,C3H,(C3H59),2289,3126,1.366 
725,AT3G10113.2,MYB-related,,1626,2220,1.365 
1313,AT2G35910.1,C3H,ARABIDOPSIS T??XICOS EN LEVADURA 70 (ATL70),3621,4940,1.364 
358,AT5G48250.1,C2C2-CO-like,B-BOX DOMAIN PROTEIN 8 (BBX8),1741,2372,1.362 
1219,AT2G32250.1,FAR1 a,FAR1-RELATED SEQUENCE 2 (FRS2),1565,2128,1.360 
1251,AT2G30340.1,LOB / AS2,LOB DOMAIN-CONTAINING PROTEIN 13 (LBD13),2348,3192,1.359 
1286,AT1G73830.1,bHLH,BR ENHANCED EXPRESSION 3 (BEE3),2263,3072,1.357 
1350,AT5G12870.1,MYB,MYB DOMAIN PROTEIN 46 (MYB46),1819,2467,1.356 
1059,AT1G21200.1,TRIHELIX,,1504,2037,1.354 
726,AT3G45880.1,JUMONJI,JUMONJI 32 (JMJ32),1237,1667,1.348 
727,AT2G44840.1,AP2-EREBP,ETHYLENE-RESPONSIVE ELEMENT BINDING FACTOR 13 (ERF13),1669,2246,1.346 
1372,AT2G33710.1,AP2-EREBP,,1632,2193,1.344 
1045,AT5G39660.1,C2C2-Dof,CYCLING DOF FACTOR 2 (CDF2),1535,2062,1.343 
1411,AT2G33310.2,AUX-IAA,AUXIN-INDUCED PROTEIN 13 (IAA13),2574,3451,1.341 
1044,AT1G35240.2,"ARF a,b,c",,1724,2311,1.340 
1327,AT4G15248.1,Orphans,B-BOX DOMAIN PROTEIN 30 (BBX30),4001,5361,1.340 
728,AT2G28810.1,C2C2-Dof,,2651,3550,1.339 
323,AT1G12260.1,NAC,NAC 007 (NAC007),1459,1947,1.334 
807,AT3G06250.1,FAR1,FAR1-RELATED SEQUENCE 7 (FRS7),3777,5024,1.330 
1309,AT2G19810.1,C3H,OXIDATION-RELATED ZINC FINGER 1 (OZF1),3963,5271,1.330 
729,AT4G10600.1,PHD,,1413,1878,1.329 
364,AT3G45170.1,C2C2-Gata,GATA TRANSCRIPTION FACTOR 14 (GATA14),1673,2221,1.328 
1298,AT5G62000.1,"ARF a,b,c",AUXIN RESPONSE FACTOR 2 (ARF2),1655,2197,1.327 
1348,AT1G70000.1,MYB-related,(MYBD),1642,2176,1.325 
139,AT3G10480.1,NAC,NAC DOMAIN CONTAINING PROTEIN 50 (NAC050),2170,2872,1.324 
1291,AT1G03970.1,bZIP,G-BOX BINDING FACTOR 4 (GBF4),2089,2754,1.318 
1087,AT2G36740.1,YL1,(SWC2),1698,2237,1.317 
1071,AT3G12720.1,MYB,MYB DOMAIN PROTEIN 67 (MYB67),1706,2246,1.317 
319,AT5G45980.1,Homeobox,WUSCHEL RELATED HOMEOBOX 8 (WOX8),2166,2844,1.313 
730,AT1G32130.1,IWS1,(IWS1),1445,1897,1.313 
1358,AT1G05805.1,bHLH,ABA-RESPONSIVE KINASE SUBSTRATE 2 (AKS2),1555,2041,1.313 
1338,AT4G34430.1,MYB-related a / SWIRM c,(CHB3),1777,2327,1.310 
1294,AT1G72570.1,AP2-EREBP,AP2-LIKE ETHYLENE-RESPONSIVE TRANSCRIPTION FACTOR (AIL1),2168,2836,1.308 
1392,AT1G68130.1,C2H2,INDETERMINATE(ID)-DOMAIN 14 (IDD14),1672,2187,1.308 
362,AT5G02320.1,MYB,MYB DOMAIN PROTEIN 3R-5 (MYB3R-5),1667,2177,1.306 
1367,AT3G27940.1,LOB / AS2,LOB DOMAIN-CONTAINING PROTEIN 26 (LBD26),2514,3282,1.305 
332,AT3G17609.4,bZIP,HY5-HOMOLOG (HYH),1397,1823,1.305 
314,AT5G06839.2,bZIP,TGACG (TGA) MOTIF-BINDING PROTEIN 10 (TGA10),1394,1819,1.305 
731,AT1G49010.1,MYB,(MYBS1),1300,1694,1.303 
732,AT2G40970.1,G2-like,(MYBC1),1548,2014,1.301 
164,AT3G50260.1,AP2-EREBP,COOPERATIVELY REGULATED BY ETHYLENE AND JASMONATE 1 (CEJ1),1346,1749,1.299 
733,AT5G62610.1,"bHLH a,b",,1401,1818,1.298 
734,AT2G43010.1,bHLH,PHYTOCHROME INTERACTING FACTOR 4 (PIF4),1480,1919,1.297 
1355,AT1G27650.1,C3H,(ATU2AF35A),1726,2235,1.295 
1228,AT3G47640.1,bHLH,POPEYE (PYE),2341,3025,1.292 
1061,AT5G07400.1,FHA,,1717,2212,1.288 
1431,AT1G15750.1,ND,TOPLESS,10870,13981,1.286 
735,AT2G28710.1,C2H2,,1629,2095,1.286 
736,AT4G21030.1,C2C2-Dof,(ATDOF4.2),1287,1648,1.280 
1357,AT4G22745.1,MBD,METHYL-CPG-BINDING DOMAIN 1 (MBD1),2330,2974,1.276 
737,AT3G24500.1,MBF1,MULTIPROTEIN BRIDGING FACTOR 1C (MBF1C),1315,1677,1.275 
1064,AT1G06040.1,Orphan,SALT TOLERANCE (STO),1582,2011,1.271 
738,AT1G26780.2,MYB,MYB DOMAIN PROTEIN 117 (MYB117),1329,1689,1.271 
1312,AT1G18710.1,MYB,MYB DOMAIN PROTEIN 47 (MYB47),1993,2528,1.268 
1324,AT3G23030.1,AUX-IAA,INDOLE-3-ACETIC ACID INDUCIBLE 2 (IAA2),1965,2491,1.268 
349,AT2G17900.1,ND,SET DOMAIN GROUP 37 (SDG37),1549,1963,1.267 
354,AT1G74410.1,C3H,ARABIDOPSIS T??XICOS EN LEVADURA 24 (ATL24),2017,2553,1.266 
1427,AT5G53430.1,"PHD a,b",SET DOMAIN GROUP 29 (SDG29),4004,5061,1.264 
1432,AT5G13910.1,AP2-EREBP,LEAFY PETIOLE (LEP),2581,3249,1.259 
739,AT5G67420.1,LOB / AS2,LOB DOMAIN-CONTAINING PROTEIN 37 (LBD37),1851,2330,1.259 
343,AT3G13350.1,ARID,,1346,1694,1.259 
1231,AT1G28160.1,AP2-EREBP,,3696,4640,1.255 
1065,AT5G03790.1,Homeobox,HOMEOBOX 51 (HB51),1737,2177,1.253 
289,AT1G49560.1,G2-like,HRS1 HOMOLOG6 (HHO6),1411,1767,1.252 
1141,AT1G14580.1,C2H2,BLUEJAY (BLJ),2584,3233,1.251 
1162,AT1G61660.1,bHLH,(ATBHLH112),1758,2198,1.250 
1093,AT5G40710.1,C2H2,,1991,2485,1.248 
1282,AT2G36270.1,bZIP,(ATABI5),2730,3398,1.245 
1317,AT1G36050.1,GNAT,,2499,3107,1.243 
1101,AT2G46270.1,bZIP,G-BOX BINDING FACTOR 3 (GBF3),1968,2436,1.238 
1170,AT2G45190.1,C2C2-YABBY,ABNORMAL FLORAL ORGANS (AFO),2316,2864,1.237 
1098,AT1G05420.1,OFP,OVATE FAMILY PROTEIN 12 (OFP12),1995,2467,1.237 
1366,AT1G63170.1,ND,,2140,2641,1.234 
1393,AT5G21960.1,AP2-EREBP,ETHYLENE RESPONSE FACTOR 016 (ERF016),4492,5535,1.232 
1288,AT5G04150.1,bHLH,(BHLH101),1746,2151,1.232 
1329,AT4G00730.1,"HB a,b",ANTHOCYANINLESS 2 (ANL2),1555,1912,1.230 
882,AT1G60920.1,MADS ,AGAMOUS-LIKE 55 (agl55),2016,2477,1.229 
1478,AT3G08500.1,MYB,MYB DOMAIN PROTEIN 83 (AtMYB83),5001,6126,1.225 
881,AT3G22170.1,FAR1,FAR-RED ELONGATED HYPOCOTYLS 3 (fhy3),2584,3164,1.224 
1081,AT4G10240.1,Orphans,B-BOX DOMAIN PROTEIN 23 (BBX23),1816,2222,1.224 
1097,AT1G08290.1,C2H2,WIP DOMAIN PROTEIN 3 (WIP3),2231,2722,1.220 
1452,AT2G23760.1,Homeobox,BEL1-LIKE HOMEODOMAIN 4 (BLH4),2847,3470,1.219 
271,AT3G52440.1,C2C2-Dof,,1595,1941,1.217 
740,AT2G32600.1,C2H2,,1473,1792,1.217 
1270,AT4G18390.1,TCP,"TEOSINTE BRANCHED 1, CYCLOIDEA AND PCF TRANSCRIPTION FACTOR 2 (TCP2)",1798,2186,1.216 
1410,AT5G64340.1,bHLH,SUPPRESSOR OF ACAULIS 51 (SAC51),1637,1987,1.214 
741,AT3G18010.1,Homeobox,WUSCHEL RELATED HOMEOBOX 1 (WOX1),1736,2102,1.211 
1331,AT3G60030.1,"SBP a,b,c",SQUAMOSA PROMOTER-BINDING PROTEIN-LIKE 12 (SPL12),2518,3043,1.208 
1403,AT4G21430.1,Orphans a,(JMJ28),1977,2386,1.207 
1296,AT2G01060.1,G2-like,,3174,3823,1.204 
1389,AT4G13640.1,G2-like,UNFERTILIZED EMBRYO SAC 16 (UNE16),1892,2278,1.204 
1094,AT3G22100.1,bHLH,,1511,1819,1.204 
1261,AT3G09230.1,MYB,MYB DOMAIN PROTEIN 1 (MYB1),3510,4218,1.202 
1295,AT5G63470.1,CCAAT-HAP5,"NUCLEAR FACTOR Y, SUBUNIT C4 (NF-YC4)",2386,2861,1.199 
1092,AT5G66870.1,LOB / AS2,ASYMMETRIC LEAVES 2-LIKE 1 (ASL1),1798,2154,1.198 
1091,AT2G32905.1,REM(B3),,1508,1805,1.197 
1290,AT1G54760.1,MADS,AGAMOUS-LIKE 85 (AGL85),2160,2580,1.194 
742,AT1G32150.1,bZIP,BASIC REGION/LEUCINE ZIPPER TRANSCRIPTION FACTOR 68 (bZIP68),1231,1467,1.192 
1074,AT2G31380.1,Orphans,SALT TOLERANCE HOMOLOGUE (STH),1201,1431,1.192 
743,AT4G38170.1,ND,FAR1-RELATED SEQUENCE 9 (FRS9),1698,2023,1.191 
1407,AT3G49850.1,MYB-related,TELOMERE REPEAT BINDING FACTOR 3 (TRB3),1657,1973,1.191 
1380,AT5G41920.1,GRAS,SCARECROW-LIKE 23 (SCL23),2447,2912,1.190 
1325,AT3G15540.1,AUX-IAA,INDOLE-3-ACETIC ACID INDUCIBLE 19 (IAA19),3030,3588,1.184 
1430,AT4G14770.1,"CPP a,b",TESMIN/TSO1-LIKE CXC 2 (TCX2),1721,2033,1.181 
1320,AT3G19210.1,SNF2 a,HOMOLOG OF RAD54 (RAD54),1727,2036,1.179 
1415,AT4G35570.1,HMG,HIGH MOBILITY GROUP B5 (HMGB5),2728,3210,1.177 
1422,AT4G00220.1,LOB / AS2,JAGGED LATERAL ORGANS (JLO),3088,3627,1.175 
1438,AT1G04050.1,SET a / PcG b,HOMOLOG OF SU(VAR)3-9 1 (SUVR1),2018,2366,1.172 
1339,AT2G27230.1,bHLH d,LONESOME HIGHWAY (LHW),2390,2801,1.172 
744,AT3G11090.1,LOB / AS2,LOB DOMAIN-CONTAINING PROTEIN 21 (LBD21),2888,3381,1.171 
1220,AT1G07360.1,C3H,MOS4-ASSOCIATED COMPLEX SUBUNIT 5A (MAC5A),1961,2293,1.169 
1243,AT2G02070.1,"C2H2 a,b,c",INDETERMINATE(ID)-DOMAIN 5 (IDD5),1749,2040,1.166 
1106,AT1G13450.1,Trihelix,GT-1 (GT-1),2136,2489,1.165 
367,AT1G51140.1,bHLH,FLOWERING BHLH 3 (FBH3),2221,2588,1.165 
1425,AT1G19510.1,MYB-related,RAD-LIKE 5 (RL5),1963,2279,1.161 
1408,AT1G64280.1,NPR,NPR1,3650,4237,1.161 
1102,AT4G08150.1,Homeobox,KNOTTED-LIKE FROM ARABIDOPSIS THALIANA (KNAT1),1875,2175,1.160 
1300,AT5G25890.1,AUX-IAA,INDOLE-3-ACETIC ACID INDUCIBLE 28 (IAA28),1661,1926,1.160 
745,AT4G36020.1,CSD,COLD SHOCK DOMAIN PROTEIN 1 (CSDP1),1224,1417,1.158 
1365,AT3G53310.1,REM,(REM16),2742,3159,1.152 
1078,AT3G11020.1,AP2-EREBP,DRE/CRT-BINDING PROTEIN 2B (DREB2B),1702,1954,1.148 
1040,AT3G04420.1,NAC,NAC DOMAIN CONTAINING PROTEIN 48 (NAC048),2358,2704,1.147 
1402,AT4G36730.1,bZIP,G-BOX BINDING FACTOR 1 (GBF1),2493,2857,1.146 
1443,AT2G42040.1,Orphans,,1897,2165,1.141 
1299,AT2G35940.1,"HB a,b",BEL1-LIKE HOMEODOMAIN 1 (BLH1),1923,2191,1.139 
1266,AT5G65130.1,AP2-EREBP,(WIND4),2908,3311,1.139 
1210,AT4G17810.1,C2H2,ZINC FINGER PROTEIN 1 (ZP1),2135,2422,1.134 
1356,AT2G32700.1,"LUG a,b",LEUNIG_HOMOLOG (LUH),2242,2541,1.133 
1080,AT4G08455.1,TRAF,,1856,2103,1.133 
1423,AT5G47660.1,Trihelix,,2449,2772,1.132 
879,AT1G22310.2,ND,METHYL-CPG-BINDING DOMAIN 8 (MBD8),1883,2125,1.129 
370,AT3G47120.1,C3H,"GROWTH, DEVELOPMENT AND SPLICING 1 (GDS1)",1645,1853,1.126 
1368,AT3G16770.1,AP2-EREBP,ETHYLENE-RESPONSIVE ELEMENT BINDING PROTEIN (EBP),3021,3402,1.126 
746,AT5G38860.1,bHLH,BES1-INTERACTING MYC-LIKE PROTEIN 3 (BIM3),2150,2416,1.124 
1363,AT1G10470.1,Orphans,RESPONSE REGULATOR 4 (ARR4),3044,3413,1.121 
1099,AT4G00150.1,"GRAS a,b",HAIRY MERISTEM 3 (HAM3),1860,2085,1.121 
1437,AT2G31180.1,MYB,MYB DOMAIN PROTEIN 14 (MYB14),2966,3322,1.120 
1307,AT1G58220.1,"MYB-related a,b",DEVELOPMENT RELATED MYB-LIKE1 (DRMY1),1876,2098,1.118 
1315,AT5G56270.1,"WRKY a,b,c",WRKY DNA-BINDING PROTEIN 2 (WRKY2),2263,2513,1.110 
369,AT5G29000.2,G2-like,PHR1-LIKE 1 (PHL1),1263,1393,1.103 
1440,AT1G69810.1,WRKY,(AtWRKY36),2360,2596,1.100 
1409,AT3G56680.1,"PHD a,b",,1876,2062,1.099 
1406,AT1G19220.1,"ARF a,b,c",AUXIN RESPONSE FACTOR 19 (ARF19),2646,2895,1.094 
1374,AT2G40470.1,LOB / AS2,LOB DOMAIN-CONTAINING PROTEIN 15 (LBD15),3272,3571,1.091 
1164,AT1G68520.1,C2C2-CO-like,B-BOX DOMAIN PROTEIN 14 (BBX14),2466,2686,1.089 
1370,AT5G27610.1,"MYB-related a,b",ALWAYS EARLY 1 (ALY1),1781,1932,1.085 
1057,AT2G42660.1,G2-like,,1812,1961,1.082 
1205,AT4G15090.1,FAR1 a,FAR-RED IMPAIRED RESPONSE 1 (FAR1),1863,2009,1.078 
1114,AT1G54690.1,CCAAT,GAMMA HISTONE VARIANT H2AX (GAMMA-H2AX),2151,2319,1.078 
1107,AT4G01060.1,MYB-related,CAPRICE-LIKE MYB3 (CPL3),2142,2281,1.065 
1353,AT3G19510.1,"HB a,b",(HAT3.1),1800,1916,1.064 
1086,AT1G76320.1,FAR1,FAR1-RELATED SEQUENCE 4 (FRS4),2105,2228,1.058 
256,AT1G55520.1,ND,TATA BINDING PROTEIN 2 (TBP2),1553,1643,1.058 
1385,AT1G04445.1,C2H2,,2073,2188,1.055 
1146,AT5G56860.1,C2C2-Gata,"GATA, NITRATE-INDUCIBLE, CARBON METABOLISM-INVOLVED (GNC)",2233,2336,1.046 
1439,AT4G37670.2,GNAT a,N-ACETYL-L-GLUTAMATE SYNTHASE 2 (NAGS2),2518,2626,1.043 
1460,AT1G51060.1,CCAAT,HISTONE H2A 10 (HTA10),3475,3624,1.043 
1400,AT3G26620.1,LOB / AS2,LOB DOMAIN-CONTAINING PROTEIN 23 (LBD23),2039,2126,1.043 
1455,AT3G61740.2,"PHD a,b",SET DOMAIN PROTEIN 14 (SDG14),2124,2200,1.036 
1378,AT1G10170.1,zf-NF-X1 c,NF-X-LIKE 1 (NFXL1),2012,2082,1.035 
1247,AT2G35000.1,C3H,ARABIDOPSIS TOXICOS EN LEVADURA 9 (ATL9),3360,3471,1.033 
1067,AT1G77640.1,AP2-EREBP,,2376,2451,1.032 
372,AT4G39100.1,PHD,SHORT LIFE (SHL),2640,2719,1.030 
1109,AT3G05760.1,C2H2,,1804,1851,1.026 
1404,AT3G10595.1,MYB,,2683,2737,1.020 
1451,AT2G47070.1,"SBP a,b,c",SQUAMOSA PROMOTER BINDING PROTEIN-LIKE 1 (SPL1),2900,2955,1.019 
1464,AT3G06220.1,REM,(REM19),3294,3346,1.016 
1319,AT5G22750.1,SNF2 a,(RAD5),2141,2173,1.015 
1396,AT4G22820.1,zf-AN1,STRESS ASSOCIATED PROTEIN 9 (SAP9),2394,2414,1.008 
1418,AT5G07700.1,MYB,MYB DOMAIN PROTEIN 76 (MYB76),6206,6241,1.006 
1108,AT1G27360.1,SBP,SQUAMOSA PROMOTER-LIKE 11 (SPL11),2186,2195,1.004 
747,AT1G70030.1,Orphans,,1963,1970,1.004 
1199,AT4G16750.1,AP2-EREBP,ETHYLENE-RESPONSIVE TRANSCRIPTION FACTOR 39 (ERF39),2692,2700,1.003 
1399,AT4G39780.1,AP2-EREBP,,3077,3077,1.000 
1453,AT4G27240.1,C2H2,,4606,4599,0.998 
1441,AT3G46090.1,C2H2,(ZAT7),3448,3439,0.997 
1421,AT1G52150.1,"HB a,b",(ATHB-15),1923,1900,0.988 
1103,AT2G21230.1,bZIP,BASIC LEUCINE-ZIPPER 30 (BZIP30),2082,2049,0.984 
1226,AT1G50640.1,AP2-EREBP,ETHYLENE RESPONSIVE ELEMENT BINDING FACTOR 3 (ERF3),2392,2349,0.982 
1444,AT5G28300.1,"TRIHELIX a,b",GT-2LIKE PROTEIN (GT2L),2107,2067,0.981 
1346,AT3G01970.1,WRKY,WRKY DNA-BINDING PROTEIN 45 (ATWRKY45),3068,2980,0.971 
1246,AT3G07740.1,MYB-related,HOMOLOG OF YEAST ADA2 2A (ADA2A),4066,3943,0.970 
1448,AT4G20380.1,zf-LSD1,LESION SIMULATING DISEASE 1 (LSD1),2943,2848,0.968 
1433,AT4G29080.1,AUX-IAA,PHYTOCHROME-ASSOCIATED PROTEIN 2 (PAP2),3716,3584,0.964 
1463,AT5G52830.1,WRKY,WRKY DNA-BINDING PROTEIN 27 (WRKY27),3451,3326,0.964 
1449,AT2G36720.1,"PHD a,b",,2227,2108,0.947 
1105,AT3G01890.1,SWI/SNF-BAF60b,SWP73A (SWP73A),2689,2539,0.944 
1476,AT4G32010.1,"ABI3-VP1 a,b",HSI2-LIKE 1 (HSL1),2138,2015,0.942 
1424,AT4G04885.1,C2H2 d,PCF11P-SIMILAR PROTEIN 4 (PCFS4),2197,2060,0.938 
1391,AT5G45260.1,WRKY a,RESISTANT TO RALSTONIA SOLANACEARUM 1 (RRS1),2677,2506,0.936 
1118,AT3G10760.1,G2-like,,2031,1889,0.930 
373,AT5G50480.1,CCAAT-HAP5,"NUCLEAR FACTOR Y, SUBUNIT C6 (NF-YC6)",2311,2140,0.926 
1383,AT4G23980.1,"ARF a,b,c",AUXIN RESPONSE FACTOR 9 (ARF9),2248,2081,0.926 
1115,AT3G13810.1,C2H2,INDETERMINATE(ID)-DOMAIN 11 (IDD11),2582,2389,0.925 
1480,AT3G42790.1,Alfin-like,ALFIN-LIKE 3 (AL3),5671,5239,0.924 
1285,AT2G18328.1,MYB-related,RAD-LIKE 4 (RL4),2331,2147,0.921 
1387,AT1G62310.1,"JUMONJI a,b",(JMJ29),2544,2343,0.921 
1466,AT5G05130.1,SNF2 a,,2448,2250,0.919 
1121,AT4G35270.1,RWP-RK a / NIN-like b,NIN-LIKE PROTEIN 2 (NLP2),2234,2038,0.912 
1089,AT5G26650.1,MADS ,AGAMOUS-LIKE 36 (AGL36),2525,2299,0.910 
1457,AT4G24020.1,RWP-RK a / NIN-like b,NIN LIKE PROTEIN 7 (NLP7),2265,2057,0.908 
371,AT1G42990.1,bZIP,BASIC REGION/LEUCINE ZIPPER MOTIF 60 (BZIP60),1882,1699,0.903 
374,AT2G18670.1,C3H,ARABIDOPSIS T??XICOS EN LEVADURA 56 (ATL56),2005,1796,0.896 
1450,AT3G08020.1,PHD b,,3908,3482,0.891 
1334,AT2G01930.1,BBR/BPC,BASIC PENTACYSTEINE1 (BPC1),4304,3824,0.888 
1429,AT5G35900.1,LOB / AS2,LOB DOMAIN-CONTAINING PROTEIN 35 (LBD35),3948,3492,0.884 
1416,AT5G59570.1,G2-like,BROTHER OF LUX ARRHYTHMO (BOA),3465,3059,0.883 
1112,AT2G33350.2,Orphans,,2383,2103,0.883 
1398,AT4G20400.1,"JUMONJI a,b,c",JUMONJI 14 (JMJ14),2292,1992,0.869 
1446,AT4G32730.2,"MYB a,b",(PC-MYB1),2862,2487,0.869 
1100,AT4G05170.1,bHLH,,2394,2078,0.868 
1445,AT5G46880.1,"HB a,b",HOMEOBOX-7 (HB-7),2219,1923,0.867 
1349,AT1G09060.1,"JUMONJI a,b",(JMJ24),2902,2498,0.861 
1316,AT3G54220.1,"GRAS a,b",SCARECROW (SCR),2886,2484,0.861 
1470,AT5G65510.1,AP2-EREBP,AINTEGUMENTA-LIKE 7 (AIL7),2802,2411,0.860 
1434,AT1G26910.1,Homeobox,RIBOSOMAL PROTEIN L10 B (RPL10B),2726,2342,0.859 
1469,AT3G05380.2,"MYB-related a,b",ALWAYS EARLY 2 (ALY2),3035,2590,0.853 
1414,AT1G74950.1,ZIM,(TIFY10B),3387,2878,0.850 
1479,AT5G45710.1,HSF,ROOT HANDEDNESS 1 (RHA1),3461,2923,0.845 
1426,AT5G18830.1,"SBP a,b,c",SQUAMOSA PROMOTER BINDING PROTEIN-LIKE 7 (SPL7),3143,2654,0.844 
1467,AT2G13570.1,CCAAT-HAP3,"NUCLEAR FACTOR Y, SUBUNIT B7 (NF-YB7)",2687,2267,0.844 
1488,AT2G34500.1,C2H2,"CYTOCHROME P450, FAMILY 710, SUBFAMILY A, POLYPEPTIDE 1 (CYP710A1)",8011,6749,0.842 
1263,AT2G22670.1,AUX-IAA,INDOLEACETIC ACID-INDUCED PROTEIN 8 (IAA8),3223,2713,0.842 
123,AT2G28920.1,C3H,ARABIDOPSIS T??XICOS EN LEVADURA 84 (ATL84),2170,1818,0.838 
1461,AT5G51230.1,C2H2 d,EMBRYONIC FLOWER 2 (EMF2),5963,4990,0.837 
1417,AT4G35270.1,RWP-RK a / NIN-like b,NIN-LIKE PROTEIN 2 (NLP2),2276,1902,0.836 
1314,AT3G44785.1,C3H,,3278,2726,0.832 
1428,AT3G54350.1,"FHA a,b",EMBRYO DEFECTIVE 1967 (emb1967),2333,1919,0.823 
1468,AT5G60130.1,ABI3-VP1,,2458,2013,0.819 
1462,AT3G20770.1,"EIL a,b",ETHYLENE-INSENSITIVE3 (EIN3),2675,2190,0.819 
748,AT1G63820.1,Orphans,,2453,2003,0.817 
1321,AT1G51190.1,AP2-EREBP,PLETHORA 2 (PLT2),3079,2508,0.815 
1482,AT1G30460.1,"C3H a,b",CLEAVAGE AND POLYADENYLATION SPECIFICITY FACTOR 30 (CPSF30),2730,2222,0.814 
1413,AT1G52830.1,AUX-IAA,INDOLE-3-ACETIC ACID 6 (IAA6),2803,2281,0.814 
1412,AT3G01320.1,Orphans a,SIN3-LIKE 1 (SNL1),3807,3076,0.808 
1388,AT3G43240.1,"ARID a,b",AT-RICH INTERACTING DOMAIN5 (ARID5),3294,2648,0.804 
749,AT1G49830.1,ND,,2472,1976,0.799 
1376,AT1G54690.1,CCAAT,GAMMA HISTONE VARIANT H2AX (GAMMA-H2AX),5223,4138,0.792 
1435,AT1G73360.1,"HB a,b",HOMEODOMAIN GLABROUS 11 (HDG11),2783,2192,0.788 
1420,AT5G18037.1,ND,,3271,2545,0.778 
1292,AT4G28190.1,ULT,ULTRAPETALA1 (ULT1),3818,2935,0.769 
1340,AT3G10390.1,SWI/SNF-SWI3 a,FLOWERING LOCUS D (FLD),2611,1999,0.766 
750,AT3G20550.1,FHA,DAWDLE (DDL),2592,1983,0.765 
1390,AT1G58110.1,bZIP,,3330,2545,0.764 
1373,AT4G14540.1,CCAAT-HAP3,"NUCLEAR FACTOR Y, SUBUNIT B3 (NF-YB3)",3014,2298,0.762 
1447,AT5G19330.1,TRAF a,ARM REPEAT PROTEIN INTERACTING WITH ABF2 (ARIA),3761,2816,0.749 
1475,AT1G79350.1,"PHD a,b",EMBRYO DEFECTIVE 1135 (EMB1135),3548,2638,0.744 
1459,AT2G16720.1,MYB,MYB DOMAIN PROTEIN 7 (MYB7),4926,3661,0.743 
1119,AT3G20640.1,bHLH,PERICYCLE FACTOR TYPE-A 6 (PFA6),2685,1979,0.737 
1117,AT4G36570.1,MYB-related,RAD-LIKE 3 (RL3),2334,1697,0.727 
1484,AT5G15160.1,bHLH,(PRE2),4733,3359,0.710 
1454,AT4G39160.1,"MYB-related a,b",,3432,2324,0.677 
1120,AT5G28770.1,bZIP,(BZO2H3),3103,2083,0.671 
1483,AT5G37020.1,"ARF a,b,c",AUXIN RESPONSE FACTOR 8 (ARF8),3611,2397,0.664 
751,AT1G66380.1,MYB,MYB DOMAIN PROTEIN 114 (MYB114),3326,2202,0.662 
1465,AT1G50410.1,SNF2 a,SNF2-RING-HELICASE?LIKE 2 (FRG2),4061,2679,0.660 
1386,AT1G74430.1,MYB,MYB DOMAIN PROTEIN 95 (MYB95),3044,2002,0.658 
1122,AT4G02670.1,C2H2,INDETERMINATE(ID)-DOMAIN 12 (IDD12),3533,2322,0.657 
1456,AT2G34600.1,ZIM,JASMONATE-ZIM-DOMAIN PROTEIN 7 (JAZ7),4956,3241,0.654 
1113,AT3G05800.1,bHLH,ATBS1(ACTIVATION-TAGGED BRI1 SUPPRESSOR 1)-INTERACTING FACTOR 1 (AIF1),3818,2489,0.652 
108,AT1G01060.1,MYB-related,LATE ELONGATED HYPOCOTYL (LHY),2556,1658,0.649 
1485,AT4G25400.1,bHLH,,5503,3554,0.646 
1477,AT5G61600.1,AP2-EREBP,ETHYLENE RESPONSE FACTOR 104 (ERF104),4711,3001,0.637 
86,AT4G31680.1,ABI3-VP1,,2847,1787,0.628 
1471,AT2G44430.1,"MYB-related a,b",,3098,1930,0.623 
1123,AT3G19070.1,ND,,3480,2152,0.618 
1487,AT3G18640.1,C3H a,,4198,2232,0.532 
1371,AT1G79700.2,AP2-EREBP,WRINKLED 4 (WRI4),5490,2803,0.511 
1486,AT4G17500.1,AP2-EREBP,ETHYLENE RESPONSIVE ELEMENT BINDING FACTOR 1 (ERF-1),4969,2510,0.505 
1124,AT2G17040.1,NAC,NAC DOMAIN CONTAINING PROTEIN 36 (NAC036),5038,2209,0.438 
1489,AT1G24580.1,ND,,9024,2415,0.268 
102,AT1G21340.1,C2C2-Dof,,7329,1933,0.264 
1490,AT5G66320.1,C2C2-Gata,GATA TRANSCRIPTION FACTOR 5 (GATA5),14774,2671,0.181 
21,AT4G21040.1,C2C2-Dof,DNA-BINDING WITH ONE FINGER 4.3 (DOF4.3),10747,1807,0.168 